score,number,state,prize,formalized,refs,comments,claims,remarks_len,tags,flags,statement
18,200,open,no,yes,2,0,0,150,primes;arithmetic progressions,,"Does the longest arithmetic progression of primes in $\{1,\ldots,N\}$ have length $o(\log N)$?"
18,463,open,no,yes,2,0,0,163,number theory;primes,,"Is there a function $f$ with $f(n)\to \infty$ as $n\to \infty$ such that, for all large $n$, there is a composite number $m$ such that\[n+f(n)<m<n+p(m)?\](Here $p(m)$ is the least prime factor of $m$.)"
18,467,open,no,no,1,1,0,184,number theory,,"Prove the following for all large $x$: there is a choice of congruence classes $a_p$ for all primes $p\leq x$ and a decomposition $\{p\leq x\}=A\sqcup B$ into two non-empty sets such that, for all $n<x$, there exist some $p\in A$ and $q\in B$ such that $n\equiv a_p\pmod{p}$ and $n\equiv a_q\pmod{q}$."
18,472,open,no,no,1,1,0,182,number theory,,Given some initial finite sequence of primes $q_1<\cdots<q_m$ extend it so that $q_{n+1}$ is the smallest prime of the form $q_n+q_i-1$ for $n\geq m$. Is there an initial starting sequence so that the resulting sequence is infinite?
18,644,open,no,no,2,1,0,223,combinatorics,,"Let $f(k,r)$ be minimal such that if $A_1,A_2,\ldots$ is a family of sets, all of size $k$, such that for every collection of $r$ of the $A_is$ there is some pair $\{x,y\}$ which intersects all of the $A_j$, then there is some set of size $f(k,r)$ which intersects all of the sets $A_i$. Is it true that\[f(k,7)=(1+o(1))\frac{3}{4}k?\]Is it true that for any $r\geq 3$ there exists some constant $c_r"
18,663,open,no,no,2,1,0,269,number theory,,"Let $k\geq 2$ and $q(n,k)$ denote the least prime which does not divide $\prod_{1\leq i\leq k}(n+i)$. Is it true that, if $k$ is fixed and $n$ is sufficiently large, we have\[q(n,k)<(1+o(1))\log n?\]"
18,693,open,no,no,1,0,0,51,number theory;divisors,,"Let $k\geq 2$ and $n$ be sufficiently large depending on $k$. Let $A=\{a_1<a_2<\cdots \}$ be the set of those integers in $[n,n^k]$ which have a divisor in $(n,2n)$. Estimate\[\max_{i} a_{i+1}-a_i.\]Is this $\leq (\log n)^{O(1)}$?"
18,724,open,no,no,5,0,0,376,combinatorics,,Let $f(n)$ be the maximum number of mutually orthogonal Latin squares of order $n$. Is it true that\[f(n) \gg n^{1/2}?\]
18,859,open,no,yes,1,0,0,199,number theory;divisors,,"Let $t\geq 1$ and let $d_t$ be the density of the set of integers $n\in\mathbb{N}$ for which $t$ can be represented as the sum of distinct divisors of $n$. Do there exist constants $c_1,c_2>0$ such that\[d_t \sim \frac{c_1}{(\log t)^{c_2}}\]as $t\to \infty$?"
18,1053,open,no,no,1,0,0,431,number theory,,"Call a number $k$-perfect if $\sigma(n)=kn$, where $\sigma(n)$ is the sum of the divisors of $n$. Must $k=o(\log\log n)$?"
18,1073,open,no,yes,1,0,0,323,number theory,,Let $A(x)$ count the number of composite $u<x$ such that $n!+1\equiv 0\pmod{u}$ for some $n$. Is it true that $A(x)\leq x^{o(1)}$?
18,1162,open,no,no,2,0,0,254,group theory,,Give an asymptotic formula for the number of subgroups of $S_n$. Is there a statistical theorem on their order?
18,1181,open,no,no,0,0,0,486,number theory,,"Let $q(n,k)$ denote the least prime which does not divide $\prod_{1\leq i\leq k}(n+i)$. Is it true that there exists some $c>0$ such that, for all large $n$,\[q(n,\log n)<(1-c)(\log n)^2?\]"
17,103,open,no,no,1,0,0,107,geometry;distances,,"Let $h(n)$ count the number of incongruent sets of $n$ points in $\mathbb{R}^2$ which minimise the diameter subject to the constraint that $d(x,y)\geq 1$ for all points $x\neq y$. Is it true that $h(n)\to \infty$?"
17,1158,open,no,no,1,0,0,209,hypergraphs;turan number,,"Let $K_{t}(r)$ be the complete $t$-partite $t$-uniform hypergraph with $r$ vertices in each class. Is it true that\[\mathrm{ex}_t(n,K_t(r)) \geq n^{t-r^{1-t}-o(1)}\]for all $t,r$?"
17,1173,open,no,no,0,1,0,90,set theory;combinatorics,,Assume the generalised continuum hypothesis. Let\[f: \omega_{\omega+1}\to [\omega_{\omega+1}]^{\leq \aleph_\omega}\]be a set mapping such that\[\lvert f(\alpha)\cap f(\beta)\rvert <\aleph_\omega\]for all $\alpha\neq \beta$. Does there exist a free set of cardinality $\aleph_{\omega+1}$?
16,60,open,no,yes,2,0,0,319,graph theory;cycles,,Does every graph on $n$ vertices with $>\mathrm{ex}(n;C_4)$ edges contain $\gg n^{1/2}$ many copies of $C_4$?
16,414,open,no,yes,0,1,0,322,number theory;iterated functions,,"Let $h_1(n)=h(n)=n+\tau(n)$ (where $\tau(n)$ counts the number of divisors of $n$) and $h_k(n)=h(h_{k-1}(n))$. Is it true, for any $m,n$, there exist $i$ and $j$ such that $h_i(m)=h_j(n)$?"
16,420,open,no,no,1,1,0,728,number theory,,"If $\tau(n)$ counts the number of divisors of $n$ then let\[F(f,n)=\frac{\tau((n+\lfloor f(n)\rfloor)!)}{\tau(n!)}.\]Is it true that\[\lim_{n\to \infty}F((\log n)^C,n)=\infty\]for large $C$? Is it true that $F(\log n,n)$ is everywhere dense in $(1,\infty)$? More generally, if $f(n)\leq \log n$ is a monotonic function such that $f(n)\to \infty$ as $n\to \infty$, then is $F(f,n)$ everywhere dense?"
16,445,open,no,yes,1,1,0,222,number theory,,"Is it true that, for any $c>1/2$, if $p$ is a sufficiently large prime then, for any $n\geq 0$, there exist $a,b\in(n,n+p^c)$ such that $ab\equiv 1\pmod{p}$?"
16,462,open,no,yes,0,1,0,38,number theory;primes,,Let $p(n)$ denote the least prime factor of $n$. There is a constant $c>0$ such that\[\sum_{\substack{n<x\\ n\textrm{ not prime}}}\frac{p(n)}{n}\sim c\frac{x^{1/2}}{(\log x)^2}.\]Is it true that there exists a constant $C>0$ such that\[\sum_{x\leq n\leq x+Cx^{1/2}(\log x)^2}\frac{p(n)}{n} \gg 1\]for all large $x$?
16,680,open,no,yes,1,0,0,749,number theory;primes,,"Is it true that, for all sufficiently large $n$, there exists some $k$ such that\[p(n+k)>k^2+1,\]where $p(m)$ denotes the least prime factor of $m$? Can one prove this is false if we replace $k^2+1$ by $e^{(1+\epsilon)\sqrt{k}}+C_\epsilon$, for all $\epsilon>0$, where $C_\epsilon>0$ is some constant?"
16,830,open,no,yes,5,0,0,298,number theory,,"We say that $a,b\in \mathbb{N}$ are an amicable pair if $\sigma(a)=\sigma(b)=a+b$. Are there infinitely many amicable pairs? If $A(x)$ counts the number of amicable $1\leq a\leq b\leq x$ then is it true that\[A(x)>x^{1-o(1)}?\]"
16,849,open,no,yes,1,0,0,677,number theory;binomial coefficients,,"Is it true that, for every integer $t\geq 1$, there is some integer $a$ such that\[\binom{n}{k}=a\](with $1\leq k\leq n/2$) has exactly $t$ solutions?"
16,879,open,no,no,2,2,0,312,number theory,,"Call a set $S\subseteq \{1,\ldots,n\}$ admissible if $(a,b)=1$ for all $a\neq b\in S$. Let\[G(n) = \max_{S\subseteq \{1,\ldots,n\}} \sum_{a\in S}a\]and\[H(n)=\sum_{p<n}p+ n\pi(n^{1/2}).\]Is it true that\[G(n) >H(n)-n^{1+o(1)}?\]Is it true that, for every $k\geq 2$, if $n$ is sufficiently large then the admissible set which maximises $G(n)$ contains at least one integer with at least $k$ prime fact"
16,954,open,no,no,0,3,0,296,number theory,,"Let $0=a_0<a_1<a_2<\cdots$ be the sequence of integers defined by $a_0=0$ and $a_1=1$, and $a_{k+1}$ is the smallest integer $n$ for which the number of solutions to $a_i+a_j \leq n$ (with $0\leq i\leq j\leq k$ and $j\geq 1$) is $<n$. Is the number of solutions to $a_i+a_j \leq x$ equal to $x+O(x^{1/4+o(1)})$?"
16,1065,open,no,yes,1,1,0,84,number theory,,Are there infinitely many primes $p$ such that $p=2^kq+1$ for some prime $q$ and $k\geq 0$? Or $p=2^k3^lq+1$?
16,1072,open,no,yes,2,1,0,229,number theory,,"For any prime $p$, let $f(p)$ be the least integer such that $f(p)!+1\equiv 0\pmod{p}$. Is it true that there are infinitely many $p$ for which $f(p)=p-1$? Is it true that $f(p)/p\to 0$ for almost all $p$?"
16,1184,open,no,no,2,1,0,486,number theory;primes,,"Let $f(n,k)$ count the number of $1\leq i\leq k$ such that $P(n+i)>k$ (where $P(m)$ is the largest prime divisor of $m$). Is it true that, if $\alpha>1$ is such that $n=k^{\alpha+o(1)}$, then\[f(n,k)=(1-\rho(\alpha)+o(1))k,\]where $\rho$ is the Dickman function ?"
15,50,open,$250,yes,1,0,0,99,number theory,prize,"- $250 Schoenberg proved that for every $c\in [0,1]$ the density of\[\{ n\in \mathbb{N} : \phi(n)<cn\}\]exists. Let this density be denoted by $f(c)$. Is it true that there are no $x$ such that $f'(x)$ exists and is positive?"
15,84,open,no,no,6,0,0,360,graph theory;cycles,working,"The cycle set of a graph $G$ on $n$ vertices is a set $A\subseteq \{3,\ldots,n\}$ such that there is a cycle in $G$ of length $\ell$ if and only if $\ell \in A$. Let $f(n)$ count the number of possible such $A$. Prove that $f(n)=o(2^n)$. Prove that $f(n)/2^{n/2}\to \infty$."
15,156,open,no,yes,2,0,0,278,sidon sets,,"Does there exist a maximal Sidon set $A\subset \{1,\ldots,N\}$ of size $O(N^{1/3})$?"
15,382,open,no,no,1,1,0,1053,number theory,,Let $u\leq v$ be such that the largest prime dividing $\prod_{u\leq m\leq v}m$ appears with exponent at least $2$. Is it true that $v-u=v^{o(1)}$? Can $v-u$ be arbitrarily large?
15,568,open,no,yes,1,0,0,153,graph theory;ramsey theory,,"Let $G$ be a graph such that $R(G,T_n)\ll n$ for any tree $T_n$ on $n$ vertices and $R(G,K_n)\ll n^2$. Is it true that, for any $H$ with $m$ edges and no isolated vertices,\[R(G,H)\ll m?\]"
15,665,open,no,no,2,1,0,1062,combinatorics,,"A pairwise balanced design for $\{1,\ldots,n\}$ is a collection of sets $A_1,\ldots,A_m\subseteq \{1,\ldots,n\}$ such that $2\leq \lvert A_i\rvert <n$ and every pair of distinct elements $x,y\in \{1,\ldots,n\}$ is contained in exactly one $A_i$. Is there a constant $C>0$ and, for all large $n$, a pairwise balanced design such that\[\lvert A_i\rvert > n^{1/2}-C\]for all $1\leq i\leq m$?"
15,761,open,no,no,1,1,0,258,graph theory;chromatic number,,"The cochromatic number of $G$, denoted by $\zeta(G)$, is the minimum number of colours needed to colour the vertices of $G$ such that each colour class induces either a complete graph or empty graph. The dichromatic number of $G$, denoted by $\delta(G)$, is the minimum number $k$ of colours required such that, in any orientation of the edges of $G$, there is a $k$-colouring of the vertices of $G$ "
15,930,open,no,yes,2,1,0,304,number theory,working,"Is it true that, for every $r$, there is a $k$ such that if $I_1,\ldots,I_r$ are disjoint intervals of consecutive integers, all of length at least $k$, then\[\prod_{1\leq i\leq r}\prod_{m\in I_i}m\]is not a perfect power?"
15,938,open,no,yes,1,1,0,142,number theory;powerful,working,"Let $A=\{n_1<n_2<\cdots\}$ be the sequence of powerful numbers (if $p\mid n$ then $p^2\mid n$). Are there only finitely many three-term progressions of consecutive terms $n_k,n_{k+1},n_{k+2}$?"
15,1168,open,no,no,1,1,0,142,set theory;ramsey theory,,"Prove that\[\aleph_{\omega+1}\not\to (\aleph_{\omega+1}, 3,\ldots,3)_{\aleph_0}^2\]without assuming the generalised continuum hypothesis."
15,1192,open,no,yes,1,0,0,282,additive combinatorics;additive basis,,"For $A\subset \mathbb{N}$ let $f_r(n)$ count the number of solutions to $n=a_1+\cdots+a_r$ with $a_i\in A$. Does there exist, for all $r\geq 2$, a basis $A$ of order $r$ (so that $f_r(n)>0$ for all large $n$) such that\[\sum_{n\leq x}f_r(n)^2 \ll x\]for all $x$?"
15,1210,open,no,yes,2,3,0,336,number theory,looksTRACT,"Let $A\subseteq [1,n)$ be a set of integers such that $(a,b)=1$ for all distinct $a,b\in A$. Is it true that\[\sum_{a\in A}\frac{1}{n-a}\leq \sum_{p<n}\frac{1}{p}+O(1)?\]"
14,247,open,no,yes,2,0,0,480,number theory;irrationality,,Let $1\leq a_1<a_2<\cdots$ be a sequence of integers such that\[\limsup \frac{a_n}{n}=\infty.\]Is\[\sum_{n=1}^\infty \frac{1}{2^{a_n}}\]transcendental?
14,332,open,no,yes,2,1,0,349,number theory,,"Let $A\subseteq \mathbb{N}$ and $D(A)$ be the set of those numbers which occur infinitely often as $a_1-a_2$ with $a_1,a_2\in A$. What conditions on $A$ are sufficient to ensure $D(A)$ has bounded gaps?"
14,365,open,no,no,0,3,0,695,number theory;powerful,,"Do all pairs of consecutive powerful numbers $n$ and $n+1$ come from solutions to Pell equations ? In other words, must either $n$ or $n+1$ be a square? Is the number of such $n\leq x$ bounded by $(\log x)^{O(1)}$?"
14,428,open,no,yes,1,3,0,154,number theory;primes,,"Is there a set $A\subseteq \mathbb{N}$ such that, for infinitely many $n$, all of $n-a$ are prime for all $a\in A$ with $0<a<n$ and\[\liminf\frac{\lvert A\cap [1,x]\rvert}{\pi(x)}>0?\]"
14,430,open,no,no,1,0,0,575,number theory,looksdiff,"Fix some integer $n$ and define a decreasing sequence in $[1,n)$ by $a_1=n-1$ and, for $k\geq 2$, letting $a_k$ be the greatest integer in $[1,a_{k-1})$ such that all of the prime factors of $a_k$ are $>n-a_k$. Is it true that, for sufficiently large $n$, not all of this sequence can be prime?"
14,455,open,no,yes,1,0,0,98,number theory,looksdiff,Let $q_1<q_2<\cdots$ be a sequence of primes such that\[q_{n+1}-q_n\geq q_n-q_{n-1}.\]Must\[\lim_n \frac{q_n}{n^2}=\infty?\]
14,468,open,no,no,1,1,0,35,number theory;divisors,,"For any $n$ let $D_n$ be the set of sums of the shape $d_1,d_1+d_2,d_1+d_2+d_3,\ldots$ where $1<d_1<d_2<\cdots$ are the divisors of $n$. What is the size of $D_n\backslash \cup_{m<n}D_m$? If $f(N)$ is the minimal $n$ such that $N\in D_n$ then is it true that $f(N)=o(N)$? Perhaps just for almost all $N$?"
14,495,open,no,yes,1,0,0,87,diophantine approximation;number theory,looksdiff,"Let $\alpha,\beta \in \mathbb{R}$. Is it true that\[\liminf_{n\to \infty} n \| n\alpha \| \| n\beta\| =0\]where $\|x\|$ is the distance from $x$ to the nearest integer?"
14,600,open,no,yes,2,1,0,113,graph theory,,"Let $e(n,r)$ be minimal such that every graph on $n$ vertices with at least $e(n,r)$ edges, each edge contained in at least one triangle, must have an edge contained in at least $r$ triangles. Let $r\geq 2$. Is it true that\[e(n,r+1)-e(n,r)\to \infty\]as $n\to \infty$? Is it true that\[\frac{e(n,r+1)}{e(n,r)}\to 1\]as $n\to \infty$?"
14,611,open,no,no,3,0,0,463,graph theory,,"For a graph $G$ let $\tau(G)$ denote the minimal number of vertices that include at least one from each maximal clique of $G$ (sometimes called the clique transversal number). Is it true that if all maximal cliques in $G$ have at least $cn$ vertices then $\tau(G)=o_c(n)$? Similarly, estimate for $c>0$ the minimal $k_c(n)$ such that if every maximal clique in $G$ has at least $k_c(n)$ vertices then"
14,685,open,no,no,1,4,0,212,number theory;primes;binomial coefficients,,Let $\epsilon>0$ and $n$ be large depending on $\epsilon$. Is it true that for all $n^\epsilon<k\leq n^{1-\epsilon}$ the number of distinct prime divisors of $\binom{n}{k}$ is\[(1+o(1))k\sum_{k<p<n}\frac{1}{p}?\]Or perhaps even when $k \geq (\log n)^c$?
14,688,open,no,yes,1,0,0,144,number theory,,"Define $\epsilon_n$ to be maximal such that there exists some choice of congruence class $a_p$ for all primes $n^{\epsilon_n}<p\leq n$ such that every integer in $[1,n]$ satisfies at least one of the congruences $\equiv a_p\pmod{p}$. Estimate $\epsilon_n$ - in particular is it true that $\epsilon_n=o(1)$?"
14,695,open,no,yes,1,1,0,594,number theory,,Let $p_1<p_2<\cdots$ be a sequence of primes such that $p_{i+1}\equiv 1\pmod{p_i}$. Is it true that\[\lim_k p_k^{1/k}=\infty?\]Does there exist such a sequence with\[p_k \leq \exp(k(\log k)^{1+o(1)})?\]
14,782,open,no,no,3,1,0,465,number theory,,"Do the squares contain arbitrarily long quasi-progressions? That is, does there exist some constant $C>0$ such that, for any $k$, the squares contain a sequence $x_1,\ldots,x_k$ where, for some $d$ and all $1\leq i<k$,\[x_i+d\leq x_{i+1}\leq x_i+d+C.\]Do the squares contain arbitrarily large cubes\[a+\left\{ \sum_i \epsilon_ib_i : \epsilon_i\in \{0,1\}\right\}?\]"
14,813,open,no,no,2,0,0,170,graph theory,,"Let $h(n)$ be minimal such that every graph on $n$ vertices where every set of $7$ vertices contains a triangle (a copy of $K_3$) must contain a clique on at least $h(n)$ vertices. Estimate $h(n)$ - in particular, do there exist constants $c_1,c_2>0$ such that\[n^{1/3+c_1}\ll h(n) \ll n^{1/2-c_2}?\]"
14,912,open,no,yes,1,2,0,288,number theory;factorials,,If\[n! = \prod_i p_i^{k_i}\]is the factorisation into distinct primes then let $h(n)$ count the number of distinct exponents $k_i$. Prove that there exists some $c>0$ such that\[h(n) \sim c \left(\frac{n}{\log n}\right)^{1/2}\]as $n\to \infty$.
14,919,open,no,no,1,0,0,923,graph theory;chromatic number,,Is there a graph $G$ with vertex set $\omega_2^2$ and chromatic number $\aleph_2$ such that every subgraph whose vertices have a lesser type has chromatic number $\leq \aleph_0$? What if instead we ask for $G$ to have chromatic number $\aleph_1$?
14,929,open,no,no,2,1,0,361,number theory,,"Let $k\geq 2$ be large and let $S(k)$ be the minimal $x$ such that there is a positive density set of $n$ where\[n+1,n+2,\ldots,n+k\]are all divisible by primes $\leq x$. Estimate $S(k)$ - in particular, is it true that $S(k)\geq k^{1-o(1)}$?"
14,1106,open,no,yes,4,0,0,517,number theory,,Let $p(n)$ denote the partition function of $n$ and let $F(n)$ count the number of distinct prime factors of\[\prod_{1\leq k\leq n}p(k).\]Does $F(n)\to \infty$ with $n$? Is $F(n)>n$ for all sufficiently large $n$?
14,1107,open,no,yes,1,1,0,276,number theory;powerful,,Let $r\geq 2$. A number $n$ is $r$-powerful if for every prime $p$ which divides $n$ we have $p^r\mid n$. Is every large integer the sum of at most $r+1$ many $r$-powerful numbers?
14,1137,open,no,yes,0,3,0,35,number theory;primes,,"Let $d_n=p_{n+1}-p_n$, where $p_n$ denotes the $n$th prime. Is it true that\[\frac{\max_{n<x}d_{n}d_{n-1}}{(\max_{n<x}d_n)^2}\to 0\]as $x\to \infty$?"
14,1203,open,no,yes,0,0,0,107,number theory,looksdiff;looksTRACT;working,If $\omega(n)$ counts the number of distinct prime divisors of $n$ then let\[F(n)=\max_k \omega(n+k)\frac{\log\log k}{\log k}.\]Prove that $F(n)\to \infty$ as $n\to \infty$.
13,158,open,no,yes,1,1,0,107,sidon sets,,"Let $A\subset \mathbb{N}$ be an infinite set such that, for any $n$, there are most $2$ solutions to $a+b=n$ with $a\leq b$. Must\[\liminf_{N\to\infty}\frac{\lvert A\cap \{1,\ldots,N\}\rvert}{N^{1/2}}=0?\]"
13,162,open,no,no,0,4,0,216,combinatorics;ramsey theory;discrepancy,,"Let $\alpha>0$ and $n\geq 1$. Let $F(n,\alpha)$ be the largest $k$ such that there exists some 2-colouring of the edges of $K_n$ in which any induced subgraph $H$ on at least $k$ vertices contains more than $\alpha\binom{\lvert H\rvert}{2}$ many edges of each colour. Prove that for every fixed $0\leq \alpha \leq 1/2$, as $n\to\infty$,\[F(n,\alpha)\sim c_\alpha \log n\]for some constant $c_\alpha$."
13,234,open,no,yes,2,1,0,54,number theory;primes,working,For every $c\geq 0$ the density $f(c)$ of integers for which\[\frac{p_{n+1}-p_n}{\log n}< c\]exists and is a continuous function of $c$.
13,340,open,no,yes,1,0,0,577,number theory;additive combinatorics;sidon sets,,"Let $A=\{1,2,4,8,13,21,31,45,66,81,97,\ldots\}$ be the greedy Sidon sequence: we begin with $1$ and iteratively include the next smallest integer that preserves the Sidon property (i.e. there are no non-trivial solutions to $a+b=c+d$). What is the order of growth of $A$? Is it true that\[\lvert A\cap \{1,\ldots,N\}\rvert \gg N^{1/2-\epsilon}\]for all $\epsilon>0$ and large $N$?"
13,410,open,no,yes,2,2,0,106,number theory;iterated functions,working,"Let $\sigma_1(n)=\sigma(n)$, the sum of divisors function, and $\sigma_k(n)=\sigma(\sigma_{k-1}(n))$. Is it true that for all $n\geq 2$\[\lim_{k\to \infty} \sigma_k(n)^{1/k}=\infty?\]"
13,461,open,no,no,0,8,0,108,number theory;primes,working,"Let $s_t(n)$ be the $t$-smooth component of $n$ - that is, the product of all primes $p$ (with multiplicity) dividing $n$ such that $p<t$. Let $f(n,t)$ count the number of distinct possible values for $s_t(m)$ for $m\in [n+1,n+t]$. Is it true that\[f(n,t)\gg t\](uniformly, for all $t$ and $n$)?"
13,531,open,no,no,3,0,0,389,number theory;ramsey theory,,"Let $F(k)$ be the minimal $N$ such that if we two-colour $\{1,\ldots,N\}$ there is a set $A$ of size $k$ such that all subset sums $\sum_{a\in S}a$ (for $\emptyset\neq S\subseteq A$) are monochromatic. Estimate $F(k)$."
13,573,open,no,no,3,0,0,585,graph theory;turan number,,"Is it true that\[\mathrm{ex}(n;\{C_3,C_4\})\sim (n/2)^{3/2}?\]"
13,624,open,no,yes,2,1,0,1372,combinatorics,,Let $X$ be a finite set of size $n$ and $H(n)$ be such that there is a function $f:\{A : A\subseteq X\}\to X$ so that for every $Y\subseteq X$ with $\lvert Y\rvert \geq H(n)$ we have\[\{ f(A) : A\subseteq Y\}=X.\]Prove that\[H(n)-\log_2 n \to \infty.\]
13,626,open,no,no,4,0,0,660,graph theory;chromatic number;cycles,,"Let $k\geq 4$ and $g_k(n)$ denote the largest $m$ such that there is a graph on $n$ vertices with chromatic number $k$ and girth $>m$ (i.e. contains no cycle of length $\leq m$). Does\[\lim_{n\to \infty}\frac{g_k(n)}{\log n}\]exist? Conversely, if $h^{(m)}(n)$ is the maximal chromatic number of a graph on $n$ vertices with girth $>m$ then does\[\lim_{n\to \infty}\frac{\log h^{(m)}(n)}{\log n}\]exi"
13,640,open,no,no,0,3,0,325,graph theory;chromatic number,,Let $k\geq 3$. Does there exist some $f(k)$ such that if a graph $G$ has chromatic number $\geq f(k)$ then $G$ must contain some odd cycle whose vertices span a graph of chromatic number $\geq k$?
13,667,open,no,no,1,1,0,375,graph theory;ramsey theory,,"Let $p,q\geq 1$ be fixed integers. We define $H(n)=H(N;p,q)$ to be the largest $m$ such that any graph on $n$ vertices where every set of $p$ vertices spans at least $q$ edges must contain a complete graph on $m$ vertices. Is\[c(p,q)=\liminf \frac{\log H(n)}{\log n}\]a strictly increasing function of $q$ for $1\leq q\leq \binom{p-1}{2}+1$?"
13,738,open,no,no,1,1,0,65,graph theory;chromatic number,,If $G$ has infinite chromatic number and is triangle-free (contains no $K_3$) then must $G$ contain every tree as an induced subgraph?
13,766,open,no,no,1,0,0,151,graph theory;turan number,,"Let $f(n;k,l)=\min \mathrm{ex}(n;G)$, where $G$ ranges over all graphs with $k$ vertices and $l$ edges. Give good estimates for $f(n;k,l)$ in the range $k<l\leq k^2/4$. For fixed $k$ and large $n$ is $f(n;k,l)$ a strictly monotone function of $l$?"
13,809,open,no,no,2,1,0,561,graph theory;ramsey theory,,"Define the anti-Ramsey number $\chi_S(n,e,G)$ as the smallest $r$ such that there is a graph with $n$ vertices and $e$ edges with an $r$-colouring of its edges in which every copy of $G$ has entirely distinct edge colours. Is it true that, for all $k\geq 3$,\[\chi_S(n, \lfloor n^2/4\rfloor+1,C_{2k+1})\sim n^2/8?\]"
13,837,open,no,no,1,0,0,138,graph theory;hypergraphs,,"Let $k\geq 2$ and $A_k\subseteq [0,1]$ be the set of $\alpha$ such that there exists some $\beta(\alpha)>\alpha$ with the property that, if $G_1,G_2,\ldots$ is a sequence of $k$-uniform hypergraphs with\[\liminf \frac{e(G_n)}{\binom{\lvert G_n\rvert}{k}} >\alpha\]then there exist subgraphs $H_n\subseteq G_n$ such that $\lvert H_n\rvert \to \infty$ and\[\liminf \frac{e(H_n)}{\binom{\lvert H_n\rvert"
13,881,open,no,yes,1,3,0,39,number theory;additive basis,looksTRACT;working,"Let $A\subset\mathbb{N}$ be an additive basis of order $k$ which is minimal, in the sense that if $B\subset A$ is any infinite set then $A\backslash B$ is not a basis of order $k$. Must there exist an infinite $B\subset A$ such that $A\backslash B$ is a basis of order $k+1$?"
13,911,open,no,no,0,3,0,43,graph theory;ramsey theory,,"Let $\hat{R}(G)$ denote the size Ramsey number, the minimal number of edges $m$ such that there is a graph $H$ with $m$ edges that is Ramsey for $G$. Is there a function $f$ such that $f(x)/x\to \infty$ as $x\to \infty$ such that, for all large $C$, if $G$ is a graph with $n$ vertices and $e\geq Cn$ edges then\[\hat{R}(G) > f(C) e?\]"
13,1175,open,no,yes,0,1,0,124,set theory;chromatic number,,Let $\kappa$ be an uncountable cardinal. Must there exist a cardinal $\lambda$ such that every graph with chromatic number $\lambda$ contains a triangle-free subgraph with chromatic number $\kappa$?
13,1200,open,no,no,2,1,0,859,number theory;primes,,There exists a constant $C$ such that for all large $x$ there is a collection of primes $p_1<\ldots<p_k<x$ with $\sum\frac{1}{p_i}<C$ together with a system of congruences $a_i\pmod{p_i}$ such that every integer $n<x$ satisfies at least one of these congruences.
12,40,open,$500,yes,2,0,0,208,number theory;additive basis,prize,"- $500 For what functions $g(N)\to \infty$ is it true that\[\lvert A\cap \{1,\ldots,N\}\rvert \gg \frac{N^{1/2}}{g(N)}\]implies $\limsup 1_A\ast 1_A(n)=\infty$?"
12,62,open,no,no,3,0,0,586,graph theory,,"If $G_1,G_2$ are two graphs with chromatic number $\aleph_1$ then must there exist a graph $G$ whose chromatic number is $4$ (or even $\aleph_0$) which is a subgraph of both $G_1$ and $G_2$?"
12,102,open,no,no,3,0,0,775,geometry,,"Let $c>0$ and $h_c(n)$ be such that for any $n$ points in $\mathbb{R}^2$ such that there are $\geq cn^2$ lines each containing more than three points, there must be some line containing $h_c(n)$ many points. Estimate $h_c(n)$. Is it true that, for fixed $c>0$, we have $h_c(n)\to \infty$?"
12,151,open,no,no,1,1,0,475,graph theory,,For a graph $G$ let $\tau(G)$ denote the minimal number of vertices that include at least one from each maximal clique of $G$ on at least two vertices (sometimes called the clique transversal number). Let $H(n)$ be maximal such that every triangle-free graph on $n$ vertices contains an independent set on $H(n)$ vertices. If $G$ is a graph on $n$ vertices then is\[\tau(G)\leq n-H(n)?\]
12,197,open,no,yes,2,1,0,92,arithmetic progressions,,"Can $\mathbb{N}$ be partitioned into two sets, each of which can be permuted to avoid monotone 3-term arithmetic progressions?"
12,238,open,no,yes,1,10,0,141,number theory;primes,,"Let $c_1,c_2>0$. Is it true that, for any sufficiently large $x$, there exist more than $c_1\log x$ many consecutive primes $\leq x$ such that the difference between any two is $>c_2$?"
12,304,open,no,yes,2,1,0,576,number theory;unit fractions,,"For integers $1\leq a<b$ let $N(a,b)$ denote the minimal $k$ such that there exist integers $1<n_1<\cdots<n_k$ with\[\frac{a}{b}=\frac{1}{n_1}+\cdots+\frac{1}{n_k}.\]Estimate $N(b)=\max_{1\leq a<b}N(a,b)$. Is it true that $N(b) \ll \log\log b$?"
12,311,open,no,no,1,8,0,510,number theory;unit fractions,,"Let $\delta(N)$ be the minimal non-zero value of $\lvert 1-\sum_{n\in A}\frac{1}{n}\rvert$ as $A$ ranges over all subsets of $\{1,\ldots,N\}$. Is it true that\[\delta(N)=e^{-(c+o(1))N}\]for some constant $c\in (0,1)$?"
12,323,open,no,yes,1,1,0,342,number theory;powers,looksdiff,"Let $1\leq m\leq k$ and $f_{k,m}(x)$ denote the number of integers $\leq x$ which are the sum of $m$ many nonnegative $k$th powers. Is it true that\[f_{k,k}(x) \gg_\epsilon x^{1-\epsilon}\]for all $\epsilon>0$? Is it true that if $m<k$ then\[f_{k,m}(x) \gg x^{m/k}\]for sufficiently large $x$?"
12,334,open,no,no,1,2,0,396,number theory,,"Find the best function $f(n)$ such that every $n$ can be written as $n=a+b$ where both $a,b$ are $f(n)$-smooth (that is, are not divisible by any prime $p>f(n)$.)"
12,389,open,no,yes,0,10,0,375,number theory,looksTRACT;working,Is it true that for every $n\geq 1$ there is a $k$ such that\[n(n+1)\cdots(n+k-1)\mid (n+k)\cdots (n+2k-1)?\]
12,412,open,no,yes,2,2,0,471,number theory;iterated functions,,"Let $\sigma_1(n)=\sigma(n)$, the sum of divisors function, and $\sigma_k(n)=\sigma(\sigma_{k-1}(n))$. Is it true that, for every $m,n\geq 2$, there exist some $i,j$ such that $\sigma_i(m)=\sigma_j(n)$?"
12,454,open,no,yes,1,1,0,97,number theory;primes,looksdiff,"Let\[f(n) = \min_{i<n} (p_{n+i}+p_{n-i}),\]where $p_k$ is the $k$th prime. Is it true that\[\limsup_n (f(n)-2p_n)=\infty?\]"
12,642,open,no,no,2,4,0,334,graph theory;cycles,,Let $f(n)$ be the maximal number of edges in a graph on $n$ vertices such that all cycles have more vertices than chords. Is it true that $f(n)\ll n$?
12,669,open,no,no,2,0,0,410,geometry,,"Let $F_k(n)$ be minimal such that for any $n$ points in $\mathbb{R}^2$ there exist at most $F_k(n)$ many distinct lines passing through at least $k$ of the points, and $f_k(n)$ similarly but with lines passing through exactly $k$ points. Estimate $f_k(n)$ and $F_k(n)$ - in particular, determine $\lim F_k(n)/n^2$ and $\lim f_k(n)/n^2$."
12,709,open,no,no,3,3,0,293,number theory,,"Let $f(n)$ be minimal such that, for any $A=\{a_1,\ldots,a_n\}\subseteq [2,\infty)\cap\mathbb{N}$ of size $n$, in any interval $I$ of $f(n)\max(A)$ consecutive integers there exist distinct $x_1,\ldots,x_n\in I$ such that $a_i\mid x_i$. Obtain good bounds for $f(n)$, or even an asymptotic formula."
12,734,open,no,no,2,3,0,511,combinatorics,,"Find, for all large $n$, a non-trivial pairwise balanced block design $A_1,\ldots,A_m\subseteq \{1,\ldots,n\}$ such that, for all $t$, there are $O(n^{1/2})$ many $i$ such that $\lvert A_i\rvert=t$."
12,802,open,no,no,4,1,0,537,graph theory,,Is it true that any $K_r$-free graph on $n$ vertices with average degree $t$ contains an independent set on\[\gg_r \frac{\log t}{t}n\]many vertices?
12,805,open,no,no,3,0,0,366,graph theory,,"For which functions $g(n)$ with $n>g(n)\geq (\log n)^2$ is there a graph on $n$ vertices in which every induced subgraph on $g(n)$ vertices contains a clique of size $\geq \log n$ and an independent set of size $\geq \log n$? In particular, is there such a graph for $g(n)=(\log n)^3$?"
12,828,open,no,yes,2,1,0,284,number theory,looksdiff,"Is it true that, for any $a\in\mathbb{Z}$, there are infinitely many $n$ such that\[\phi(n) \mid n+a?\]"
12,839,open,no,yes,3,2,0,391,number theory,,Let $1\leq a_1<a_2<\cdots$ be a sequence of integers such that no $a_i$ is the sum of consecutive $a_j$ for $j<i$. Is it true that\[\limsup \frac{a_n}{n}=\infty?\]Or even\[\lim \frac{1}{\log x}\sum_{a_n<x}\frac{1}{a_n}=0?\]
12,885,open,no,yes,3,2,0,200,number theory;divisors,,"For integer $n\geq 1$ we define the factor difference set of $n$ by\[D(n) = \{\lvert a-b\rvert : n=ab\}.\]Is it true that, for every $k\geq 1$, there exist integers $N_1<\cdots<N_k$ such that\[\lvert \cap_i D(N_i)\rvert \geq k?\]"
12,886,open,no,yes,2,4,0,378,number theory;divisors,looksTRACT;working,"Let $\epsilon>0$. Is it true that, for all large $n$, the number of divisors of $n$ in $(n^{1/2},n^{1/2}+n^{1/2-\epsilon})$ is $O_\epsilon(1)$?"
12,889,open,no,yes,2,1,0,373,number theory,looksdiff,"For $k\geq 0$ and $n\geq 1$ let $v(n,k)$ count the prime factors of $n+k$ which do not divide $n+i$ for $0\leq i<k$. Equivalently, $v(n,k)$ counts the number of prime factors of $n+k$ which are $>k$. Is it true that\[v_0(n)=\max_{k\geq 0}v(n,k)\to \infty\]as $n\to \infty$?"
12,892,open,no,no,4,2,0,580,number theory;primitive sets,,"Is there a necessary and sufficient condition for a sequence of integers $b_1<b_2<\cdots$ that ensures there exists a primitive sequence $a_1<a_2<\cdots$ (i.e. no element divides another) with $a_n \ll b_n$ for all $n$? In particular, is this always possible if there are no non-trivial solutions to $(b_i,b_j)=b_k$? Similarly, find necessary and sufficient conditions on a sequence $n_1<n_2<\cdots$ "
12,893,open,no,yes,2,0,0,454,number theory;divisors,looksdiff,If $\tau(n)$ counts the divisors of $n$ then let\[f(n)=\sum_{1\leq k\leq n}\tau(2^k-1).\]Does $f(2n)/f(n)$ tend to a limit?
12,969,open,no,no,3,0,0,591,number theory,,"Let $Q(x)$ count the number of squarefree integers in $[1,x]$. Determine the order of magnitude in the error term in the asymptotic\[Q(x)=\frac{6}{\pi^2}x+E(x).\]"
12,1108,open,no,yes,0,2,0,678,number theory;factorials,,"Let\[A = \left\{ \sum_{n\in S}n! : S\subset \mathbb{N}\textrm{ finite}\right\}.\]If $k\geq 2$, then does $A$ contain only finitely many $k$th powers? Does it contain only finitely many powerful numbers?"
12,1191,open,$1000,no,2,0,0,586,additive combinatorics;sidon sets,prize,"- $1000 Let $A\subset\mathbb{N}$ be an infinite Sidon set. Is it true that\[\liminf_{x\to \infty} \frac{\lvert A\cap [1,x]\rvert}{x^{1/2}}(\log x)^{1/2}=0?\]Does there exist an infinite Sidon set $A$ such that\[\liminf_{x\to \infty} \frac{\lvert A\cap [1,x]\rvert}{x^{1/2}}(\log x)^c>0\]for some $c>0$?"
11,70,open,no,yes,1,0,0,150,graph theory;ramsey theory;set theory,looksdiff,"Let $\mathfrak{c}$ be the ordinal of the real numbers, $\beta$ be any countable ordinal, and $2\leq n<\omega$. Is it true that $\mathfrak{c}\to (\beta, n)_2^3$?"
11,111,open,no,no,6,0,0,566,graph theory;chromatic number;set theory,,If $G$ is a graph let $h_G(n)$ be defined such that any subgraph of $G$ on $n$ vertices can be made bipartite after deleting at most $h_G(n)$ edges. What is the behaviour of $h_G(n)$? Is it true that $h_G(n)/n\to \infty$ for every graph $G$ with chromatic number $\aleph_1$?
11,112,open,no,no,2,0,0,684,graph theory;ramsey theory,,"Let $k=k(n,m)$ be minimal such that any directed graph on $k$ vertices must contain either an independent set of size $n$ or a transitive tournament of size $m$. Determine $k(n,m)$."
11,155,open,no,yes,3,1,0,114,additive combinatorics;sidon sets,,"Let $F(N)$ be the size of the largest Sidon subset of $\{1,\ldots,N\}$. Is it true that for every $k\geq 1$ we have\[F(N+k)\leq F(N)+1\]for all sufficiently large $N$?"
11,173,open,no,no,4,1,0,275,geometry;ramsey theory,,"In any $2$-colouring of $\mathbb{R}^2$, for all but at most one triangle $T$, there is a monochromatic congruent copy of $T$."
11,177,open,no,no,6,0,0,370,discrepancy;arithmetic progressions,working,"Find the smallest $h(d)$ such that the following holds. There exists a function $f:\mathbb{N}\to\{-1,1\}$ such that, for every $d\geq 1$,\[\max_{P_d}\left\lvert \sum_{n\in P_d}f(n)\right\rvert\leq h(d),\]where $P_d$ ranges over all finite arithmetic progressions with common difference $d$."
11,291,open,no,yes,0,3,0,1347,number theory;unit fractions,,"Let $n\geq 1$ and define $L_n$ to be the least common multiple of $\{1,\ldots,n\}$ and $a_n$ by\[\sum_{1\leq k\leq n}\frac{1}{k}=\frac{a_n}{L_n}.\]Is it true that $(a_n,L_n)=1$ and $(a_n,L_n)>1$ both occur for infinitely many $n$?"
11,295,open,no,yes,2,0,1,169,number theory;unit fractions,claims=1,Let $N\geq 1$ and let $k(N)$ denote the smallest $k$ such that there exist $N\leq n_1<\cdots <n_k$ with\[1=\frac{1}{n_1}+\cdots+\frac{1}{n_k}.\]Is it true that\[\lim_{N\to \infty} k(N)-(e-1)N=\infty?\]
11,312,open,no,yes,1,8,0,104,number theory;unit fractions,working,"Does there exist some $c>0$ such that, for any $K>1$, whenever $A$ is a sufficiently large finite multiset of positive integers with $\sum_{n\in A}\frac{1}{n}>K$ there exists some $S\subseteq A$ such that\[1-e^{-cK} < \sum_{n\in S}\frac{1}{n}\leq 1?\]"
11,398,falsifiable,no,yes,2,10,0,642,number theory;factorials,falsifiable,"Are the only solutions to\[n!=x^2-1\]when $n=4,5,7$?"
11,404,open,no,no,1,7,0,104,number theory;factorials,working,"For which integers $a\geq 1$ and primes $p$ is there a finite upper bound on those $k$ such that there are $a=a_1<\cdots<a_n$ with\[p^k \mid (a_1!+\cdots+a_n!)?\]If $f(a,p)$ is the greatest such $k$, how does this function behave? Is there a prime $p$ and an infinite sequence $a_1<a_2<\cdots$ such that if $p^{m_k}$ is the highest power of $p$ dividing $\sum_{i\leq k}a_i!$ then $m_k\to \infty$?"
11,408,open,no,no,3,1,0,615,number theory;iterated functions,working,"Let $\phi(n)$ be the Euler totient function and $\phi_k(n)$ be the iterated $\phi$ function, so that $\phi_1(n)=\phi(n)$ and $\phi_k(n)=\phi(\phi_{k-1}(n))$. Let\[f(n) = \min \{ k : \phi_k(n)=1\}.\]Does $f(n)/\log n$ have a distribution function? Is $f(n)/\log n$ almost always constant? What can be said about the largest prime factor of $\phi_k(n)$ when, say, $k=\log\log n$?"
11,479,open,no,yes,0,3,0,538,number theory,working,"Is it true that, for all $k\neq 1$, there are infinitely many $n$ such that $2^n\equiv k\pmod{n}$?"
11,544,open,no,yes,1,2,0,342,graph theory;ramsey theory,,"Show that\[R(3,k+1)-R(3,k)\to\infty\]as $k\to \infty$. Similarly, prove or disprove that\[R(3,k+1)-R(3,k)=o(k).\]"
11,562,open,no,yes,1,0,0,198,graph theory;ramsey theory;hypergraphs,looksdiff,"Let $R_r(n)$ denote the $r$-uniform hypergraph Ramsey number: the minimal $m$ such that if we $2$-colour all edges of the complete $r$-uniform hypergraph on $m$ vertices then there must be some monochromatic copy of the complete $r$-uniform hypergraph on $n$ vertices. Prove that, for $r\geq 3$,\[\log_{r-1} R_r(n) \asymp_r n,\]where $\log_{r-1}$ denotes the $(r-1)$-fold iterated logarithm. That is,"
11,567,open,no,yes,2,1,0,671,graph theory;ramsey theory,,"Let $G$ be either $Q_3$ or $K_{3,3}$ or $H_5$ (the last formed by adding two vertex-disjoint chords to $C_5$). Is it true that, if $H$ has $m$ edges and no isolated vertices, then\[R(G,H)\ll m?\]"
11,579,open,no,yes,3,0,0,224,graph theory;turan number,looksTRACT;working,"Let $\delta>0$. If $n$ is sufficiently large and $G$ is a graph on $n$ vertices with no $K_{2,2,2}$ and at least $\delta n^2$ edges then $G$ contains an independent set of size $\gg_\delta n$."
11,660,open,no,yes,2,3,0,298,geometry;distances;convex,,"Let $x_1,\ldots,x_n\in \mathbb{R}^3$ be the vertices of a convex polyhedron. Are there at least\[(1-o(1))\frac{n}{2}\]many distinct distances between the $x_i$?"
11,681,open,no,yes,1,5,0,174,number theory;primes,working,"Is it true that for all large $n$ there exists $k$ such that $n+k$ is composite and\[p(n+k)>k^2,\]where $p(m)$ is the least prime factor of $m$?"
11,706,open,no,no,1,1,0,172,graph theory;chromatic number,,"Let $L(r)$ be such that if $G$ is a graph formed by taking a finite set of points $P$ in $\mathbb{R}^2$ and some set $A\subset (0,\infty)$ of size $r$, where the vertex set is $P$ and there is an edge between two points if and only if their distance is a member of $A$, then $\chi(G)\leq L(r)$. Estimate $L(r)$. In particular, is it true that $L(r)\leq r^{O(1)}$?"
11,831,open,no,no,2,1,0,53,geometry,working,Let $h(n)$ be maximal such that in any $n$ points in $\mathbb{R}^2$ (with no three on a line and no four on a circle) there are at least $h(n)$ many circles of different radii passing through three points. Estimate $h(n)$.
11,928,open,no,no,4,2,0,1083,number theory,,"Let $\alpha,\beta\in (0,1)$ and let $P(n)$ denote the largest prime divisor of $n$. Does the density of integers $n$ such that $P(n)<n^{\alpha}$ and $P(n+1)<(n+1)^\beta$ exist?"
11,979,open,no,yes,1,13,0,139,number theory,working,"Let $k\geq 2$, and let $f_k(n)$ count the number of solutions to\[n=p_1^k+\cdots+p_k^k,\]where the $p_i$ are prime numbers. Is it true that $\limsup f_k(n)=\infty$?"
11,983,open,no,no,1,7,0,350,number theory,AIwiki,"Let $n\geq 2$ and $\pi(n)<k\leq n$. Let $f(k,n)$ be the smallest integer $r$ such that in any $A\subseteq \{1,\ldots,n\}$ of size $\lvert A\rvert=k$ there exist primes $p_1,\ldots,p_r$ such that $>r$ many $a\in A$ are only divisible by primes from $\{p_1,\ldots,p_r\}$. Is it true that\[2\pi(n^{1/2})-f(\pi(n)+1,n)\to \infty\]as $n\to \infty$? In general, estimate $f(k,n)$, particularly when $\pi(n)"
11,1030,open,no,yes,1,2,0,369,graph theory;ramsey theory,,"Let $R(k,l)$ be the usual Ramsey number: the smallest $n$ such that if the edges of $K_n$ are coloured red and blue then there exists either a red $K_k$ or a blue $K_l$. Prove the existence of some $c>0$ such that\[\lim_{k\to \infty}\frac{R(k+1,k)}{R(k,k)}> 1+c.\]"
11,1052,open,$10,yes,1,0,0,375,number theory,looksdiff;prize,"- $10 A unitary divisor of $n$ is $d\mid n$ such that $(d,n/d)=1$. A number $n\geq 1$ is a unitary perfect number if it is the sum of its unitary divisors (aside from $n$ itself). Are there only finitely many unitary perfect numbers?"
11,1055,open,no,yes,1,0,0,436,number theory;primes,looksdiff;working,"A prime $p$ is in class $1$ if the only prime divisors of $p+1$ are $2$ or $3$. In general, a prime $p$ is in class $r$ if every prime factor of $p+1$ is in some class $\leq r-1$, with equality for at least one prime factor. Are there infinitely many primes in each class? If $p_r$ is the least prime in class $r$, then how does $p_r^{1/r}$ behave?"
11,1060,open,no,yes,1,7,0,84,number theory,working,"Let $f(n)$ count the number of solutions to $k\sigma(k)=n$, where $\sigma(k)$ is the sum of divisors of $k$. Is it true that $f(n)\leq n^{o(\frac{1}{\log\log n})}$? Perhaps even $\leq (\log n)^{O(1)}$?"
11,1087,open,no,no,1,1,0,132,geometry;distances,,"Let $f(n)$ be minimal such that every set of $n$ points in $\mathbb{R}^2$ contains at most $f(n)$ many sets of four points which are 'degenerate' in the sense that some pair are the same distance apart. Estimate $f(n)$ - in particular, is it true that $f(n)\leq n^{3+o(1)}$?"
11,1093,open,no,yes,2,3,0,1166,number theory;binomial coefficients,,"For $n\geq 2k$ we define the deficiency of $\binom{n}{k}$ as follows. If $\binom{n}{k}$ is divisible by a prime $p\leq k$ then the deficiency is undefined. Otherwise, the deficiency is the number of $0\leq i<k$ such that $n-i$ is $k$-smooth, that is, divisible only by primes $\leq k$. Are there infinitely many binomial coefficients with deficiency $1$? Are there only finitely many with deficiency "
11,1144,open,no,no,0,0,1,587,number theory;probability,claims=1,"Let $f$ be a random completely multiplicative function, where for each prime $p$ we independently choose $f(p)\in \{-1,1\}$ uniformly at random. Is it true that\[\limsup_{N\to \infty}\frac{\sum_{m\leq N}f(m)}{\sqrt{N}}=\infty\]with probability $1$?"
11,1152,open,no,no,1,0,1,408,analysis;polynomials,claims=1;looksTRACT;working,"For $n\geq 1$ fix some sequence of $n$ distinct numbers $x_{1n},\ldots,x_{nn}\in [-1,1]$. Let $\epsilon=\epsilon(n)\to 0$. Does there always exist a continuous function $f:[-1,1]\to \mathbb{R}$ such that if $p_n$ is a sequence of polynomials, with degrees $\deg p_n<(1+\epsilon(n))n$, such that $p_n(x_{kn})=f(x_{kn})$ for all $1\leq k\leq n$, then $p_n(x)\not\to f(x)$ for almost all $x\in [-1,1]$?"
11,1157,open,no,no,1,0,0,632,hypergraphs;turan number,,"Let $t,k,r\geq 2$. Let $\mathcal{F}$ be the family of all $r$-uniform hypergraphs with $k$ vertices and $s$ edges. Determine\[\mathrm{ex}_r(n,\mathcal{F}).\]"
11,1172,open,no,no,1,2,0,221,set theory;ramsey theory,,"Establish whether the following are true assuming the generalised continuum hypothesis:\[\omega_3 \to (\omega_2,\omega_1+2)^2,\]\[\omega_3\to (\omega_2+\omega_1,\omega_2+\omega)^2,\]\[\omega_2\to (\omega_1^{\omega+2}+2, \omega_1+2)^2.\]Establish whether the following is consistent with the generalised continuum hypothesis:\[\omega_2\to (\omega_1+\omega)_2^2,\]or even $\omega_2 \to (\xi)_2^2$ for a"
11,1204,open,no,no,3,0,0,1250,number theory,,"We call a sequence of integers $0\leq a_1<\cdots <a_k$ admissible if it is missing at least one congruence class modulo every prime $p$. Let $A(k)=\min a_k$. Estimate $A(k)$ - in particular, is it true that\[A(k)\sim k\log k?\]Estimate\[B(k)=\min \frac{a_1+\cdots+a_k}{k}.\]"
10,17,open,no,yes,2,1,0,444,number theory;primes,looksdiff,"Are there infinitely many primes $p$ such that every even number $n\leq p-3$ can be written as a difference of primes $n=q_1-q_2$ where $q_1,q_2\leq p$?"
10,129,open,no,no,1,3,0,1187,graph theory;ramsey theory,,"Let $R(n;k,r)$ be the smallest $N$ such that if the edges of $K_N$ are $r$-coloured then there is a set of $n$ vertices which does not contain a copy of $K_k$ in at least one of the $r$ colours. Prove that there is a constant $C=C(r)>1$ such that\[R(n;3,r) < C^{\sqrt{n}}.\]"
10,145,open,no,yes,7,2,0,426,number theory,,"Let $s_1<s_2<\cdots$ be the sequence of squarefree numbers. Is it true that, for any $\alpha \geq 0$,\[\lim_{x\to \infty}\frac{1}{x}\sum_{s_n\leq x}(s_{n+1}-s_n)^\alpha\]exists?"
10,148,open,no,no,2,2,0,336,number theory;unit fractions,looksdiff,"Let $F(k)$ be the number of solutions to\[ 1= \frac{1}{n_1}+\cdots+\frac{1}{n_k},\]where $1\leq n_1<\cdots<n_k$ are distinct integers. Find good estimates for $F(k)$."
10,167,falsifiable,no,no,3,1,0,358,graph theory,AIwiki;falsifiable,If $G$ is a graph with at most $k$ edge disjoint triangles then can $G$ be made triangle-free after removing at most $2k$ edges?
10,201,open,no,no,6,0,0,381,additive combinatorics;arithmetic progressions,looksdiff,"Let $G_k(N)$ be such that any set of $N$ integers contains a subset of size at least $G_k(N)$ which does not contain a $k$-term arithmetic progression. Determine the size of $G_k(N)$. How does it relate to $R_k(N)$, the size of the largest subset of $\{1,\ldots,N\}$ without a $k$-term arithmetic progression? Is it true that\[\lim_{N\to \infty}\frac{R_3(N)}{G_3(N)}=1?\]"
10,222,open,no,no,5,0,0,544,number theory;squares,looksdiff,Let $n_1<n_2<\cdots$ be the sequence of integers which are the sum of two squares. Explore the behaviour of (i.e. find good upper and lower bounds for) the consecutive differences $n_{k+1}-n_k$.
10,236,open,no,yes,4,7,0,360,number theory;primes,,Let $f(n)$ count the number of solutions to $n=p+2^k$ for prime $p$ and $k\geq 0$. Is it true that $f(n)=o(\log n)$?
10,244,open,no,yes,2,2,0,239,number theory;primes,looksdiff,"Let $C>1$. Does the set of integers of the form $p+\lfloor C^k\rfloor$, for some prime $p$ and $k\geq 0$, have density $>0$?"
10,261,open,no,yes,4,3,0,605,number theory,,"Are there infinitely many $n$ such that there exists some $t\geq 2$ and distinct integers $a_1,\ldots,a_t\geq 1$ such that\[\frac{n}{2^n}=\sum_{1\leq k\leq t}\frac{a_k}{2^{a_k}}?\]Is this true for all $n$? Is there a rational $x$ such that\[x = \sum_{k=1}^\infty \frac{a_k}{2^{a_k}}\]has at least $2^{\aleph_0}$ solutions?"
10,269,open,no,yes,1,8,0,380,irrationality,,"Let $P$ be a finite set of primes with $\lvert P\rvert \geq 2$ and let $\{a_1<a_2<\cdots\}=\{ n\in \mathbb{N} : \textrm{if }p\mid n\textrm{ then }p\in P\}$. Is the sum\[\sum_{n=1}^\infty \frac{1}{[a_1,\ldots,a_n]},\]where $[a_1,\ldots,a_n]$ is the lowest common multiple of $a_1,\ldots,a_n$, irrational?"
10,279,open,no,yes,0,12,0,509,number theory;covering systems;primes,,Let $k\geq 3$. Is there a choice of congruence classes $a_p\pmod{p}$ for every prime $p$ such that all sufficiently large integers can be written as $a_p+tp$ for some prime $p$ and integer $t\geq k$?
10,282,open,no,yes,1,4,0,754,number theory;unit fractions,,"Let $A\subseteq \mathbb{N}$ be an infinite set and consider the following greedy algorithm for a rational $x\in (0,1)$: choose the minimal $n\in A$ such that $n\geq 1/x$ and repeat with $x$ replaced by $x-\frac{1}{n}$. If this terminates after finitely many steps then this produces a representation of $x$ as the sum of distinct unit fractions with denominators from $A$. Does this process always te"
10,287,falsifiable,no,yes,1,21,0,487,number theory;unit fractions,working;falsifiable,"Let $k\geq 2$. Is it true that, for any distinct integers $1<n_1<\cdots <n_k$ such that\[1=\frac{1}{n_1}+\cdots+\frac{1}{n_k}\]we must have $\max(n_{i+1}-n_i)\geq 3$?"
10,293,open,no,no,1,3,0,710,number theory;unit fractions,,Let $k\geq 1$ and let $v(k)$ be the minimal integer which does not appear as some $n_i$ in a solution to\[1=\frac{1}{n_1}+\cdots+\frac{1}{n_k}\]with $1\leq n_1<\cdots <n_k$. Estimate the growth of $v(k)$.
10,317,open,no,yes,0,8,0,475,number theory;unit fractions,,"Is there some constant $c>0$ such that for every $n\geq 1$ there exists some $\delta_k\in \{-1,0,1\}$ for $1\leq k\leq n$ with\[0< \left\lvert \sum_{1\leq k\leq n}\frac{\delta_k}{k}\right\rvert < \frac{c}{2^n}?\]Is it true that for sufficiently large $n$, for any $\delta_k\in \{-1,0,1\}$,\[\left\lvert \sum_{1\leq k\leq n}\frac{\delta_k}{k}\right\rvert > \frac{1}{[1,\ldots,n]}\]whenever the left-ha"
10,385,open,no,yes,0,1,0,643,number theory,looksdiff,"Let\[F(n) = \max_{\substack{m<n\\ m\textrm{ composite}}} m+p(m),\]where $p(m)$ is the least prime divisor of $m$. Is it true that $F(n)>n$ for all sufficiently large $n$? Does $F(n)-n\to \infty$ as $n\to\infty$?"
10,417,open,no,yes,3,5,0,146,number theory,,Let\[V'(x)=\#\{\phi(m) : 1\leq m\leq x\}\]and\[V(x)=\#\{\phi(m) \leq x : 1\leq m\}.\]Does $\lim V(x)/V'(x)$ exist? Is it $>1$?
10,517,open,no,yes,3,1,0,427,analysis,,Let $f(z)=\sum_{k=1}^\infty a_kz^{n_k}$ be an entire function (with $a_k\neq 0$ for all $k\geq 1$). Is it true that if $n_k/k\to \infty$ then $f(z)$ assumes every value infinitely often?
10,551,decidable,no,yes,4,1,0,621,graph theory;ramsey theory,decidable,"Prove that\[R(C_k,K_n)=(k-1)(n-1)+1\]for $k\geq n\geq 3$ (except when $n=k=3$)."
10,555,open,no,no,2,1,0,356,graph theory;ramsey theory,working,Let $R_k(G)$ denote the minimal $m$ such that if the edges of $K_m$ are $k$-coloured then there is a monochromatic copy of $G$. Determine the value of\[R_k(C_{2n}).\]
10,556,decidable,no,no,5,2,0,514,graph theory;ramsey theory,decidable,Let $R_3(G)$ denote the minimal $m$ such that if the edges of $K_m$ are $3$-coloured then there must be a monochromatic copy of $G$. Show that\[R_3(C_n) \leq 4n-3.\]
10,585,open,no,no,3,0,0,509,graph theory;cycles,,What is the maximum number of edges that a graph on $n$ vertices can have if it does not contain two edge-disjoint cycles with the same vertex set?
10,588,open,$100,no,4,0,0,655,geometry,working;prize,- $100 Let $f_k(n)$ be minimal such that if $n$ points in $\mathbb{R}^2$ have no $k+1$ points on a line then there must be at most $f_k(n)$ many lines containing at least $k$ points. Is it true that\[f_k(n)=o(n^2)\]for $k\geq 4$?
10,589,open,no,no,2,1,0,523,geometry,,Let $g(n)$ be maximal such that in any set of $n$ points in $\mathbb{R}^2$ with no four points on a line there exists a subset on $g(n)$ points with no three points on a line. Estimate $g(n)$.
10,597,open,no,no,1,0,1,299,graph theory;ramsey theory;set theory,claims=1,"Let $G$ be a graph on at most $\aleph_1$ vertices which contains no $K_4$ and no $K_{\aleph_0,\aleph_0}$ (the complete bipartite graph with $\aleph_0$ vertices in each class). Is it true that\[\omega_1^2 \to (\omega_1\omega, G)^2?\]What about finite $G$?"
10,638,open,no,no,1,8,0,365,graph theory;ramsey theory,working,Let $S$ be a family of finite graphs such that for every $n$ there is some $G_n\in S$ such that if the edges of $G_n$ are coloured with $n$ colours then there is a monochromatic triangle. Is it true that for every infinite cardinal $\aleph$ there is a graph $G$ of which every finite subgraph is in $S$ and if the edges of $G$ are coloured with $\aleph$ many colours then there is a monochromatic tri
10,712,open,$500,no,1,0,0,351,graph theory;turan number;hypergraphs,prize,"- $500 Determine, for any $k>r>2$, the value of\[\frac{\mathrm{ex}_r(n,K_k^r)}{\binom{n}{r}},\]where $\mathrm{ex}_r(n,K_k^r)$ is the largest number of $r$-edges which can placed on $n$ vertices so that there exists no set of $k$ vertices which is covered by all $\binom{k}{r}$ possible $r$-edges."
10,826,open,no,yes,2,2,0,190,number theory,looksdiff,"Are there infinitely many $n$ such that, for all $k\geq 1$,\[\tau(n+k)\ll k?\]"
10,838,open,no,no,1,3,0,186,geometry;convex,,"Let $f(n)$ be maximal such that any $n$ points in $\mathbb{R}^2$, with no three on a line, determine at least $f(n)$ different convex subsets. Estimate $f(n)$ - in particular, does there exist a constant $c$ such that\[\lim \frac{\log f(n)}{(\log n)^2}=c?\]"
10,853,open,no,yes,1,3,0,118,number theory;primes,looksdiff,"Let $d_n=p_{n+1}-p_n$, where $p_n$ is the $n$th prime. Let $r(x)$ be the smallest even integer $t$ such that $d_n=t$ has no solutions for $n\leq x$. Is it true that $r(x)\to \infty$? Or even $r(x)/\log x \to \infty$?"
10,878,open,no,no,1,8,0,822,number theory,working,"If $n=\prod_{1\leq i\leq t} p_i^{k_i}$ is the factorisation of $n$ into distinct primes then let\[f(n)=\sum p_i^{\ell_i},\]where $\ell_i$ is chosen such that $n\in [p_i^{\ell_i},p_i^{\ell_i+1})$. Furthermore, let\[F(n)=\max \sum_{i} a_i\]where the maximum is taken over all distinct $a_1,\ldots,a_k\leq n$ such that $(a_i,a_j)=1$ for $i\neq j$ and all prime factors of each $a_i$ are prime factors of"
10,887,open,no,yes,2,4,0,770,number theory;divisors,,"Is there an absolute constant $K$ such that, for every $C>0$, if $n$ is sufficiently large then $n$ has at most $K$ divisors in $(n^{1/2},n^{1/2}+C n^{1/4})$."
10,890,open,no,yes,1,7,0,777,number theory;primes,,"If $\omega_k(n)$ counts the number of distinct prime factors of $n$ which are $>k$, then is it true that, for every $k\geq 1$,\[\liminf_{n\to \infty}\sum_{0\leq i<k}\omega_k(n+i)\leq k?\]Is it true that\[\limsup_{n\to \infty}\left(\sum_{0\leq i<k}\omega(n+i)\right) \frac{\log\log n}{\log n}=1,\]where $\omega$ counts the number of distinct prime factors without restriction?"
10,913,open,no,yes,0,3,0,293,number theory,looksdiff,Are there infinitely many $n$ such that if\[n(n+1) = \prod_i p_i^{k_i}\]is the factorisation into distinct primes then all exponents $k_i$ are distinct?
10,933,open,no,yes,1,5,0,338,number theory,looksTRACT;working,"If $n(n+1)=2^k3^lm$, where $(m,6)=1$, then is it true that\[\limsup_{n\to \infty} \frac{2^k3^l}{n\log n}=\infty?\]"
10,936,open,no,yes,2,6,0,379,number theory;powerful,,Are\[2^n\pm 1\]and\[n!\pm 1\]powerful (i.e. if $p\mid m$ then $p^2\mid m$) for only finitely many $n$?
10,1086,open,no,no,1,0,0,1374,geometry;distances,,Let $g(n)$ be minimal such that any set of $n$ points in $\mathbb{R}^2$ contains the vertices of at most $g(n)$ many triangles with the same area. Estimate $g(n)$.
10,1088,open,no,yes,2,0,0,495,geometry,,"Let $f_d(n)$ be the minimal $m$ such that any set of $m$ points in $\mathbb{R}^d$ contains a set of $n$ points such that any two determined distances are distinct. Estimate $f_d(n)$. In particular, is it true that, for fixed $n\geq 3$,\[f_d(n)=2^{o(d)}?\]"
10,1156,open,no,no,3,1,0,801,graph theory;chromatic number,,"Let $G$ be a random graph on $n$ vertices, in which every edge is included independently with probability $1/2$. Is there some constant $C$ such that that chromatic number $\chi(G)$ is, almost surely, concentrated on at most $C$ values? Is it true that, if $\omega(n)\to \infty$ sufficiently slowly, then for every function $f(n)$\[\mathbb{P}(\lvert\chi(G)-f(n)\rvert<\omega(n))<1/2\]if $n$ is suffic"
9,15,open,no,yes,2,2,0,1797,number theory;primes,,"Is it true that\[\sum_{n=1}^\infty(-1)^n\frac{n}{p_n}\]converges, where $p_n$ is the sequence of primes?"
9,25,open,no,yes,1,7,0,56,number theory,AIwiki,"Let $1\leq n_1<n_2<\cdots$ be an arbitrary sequence of integers, each with an associated residue class $a_i\pmod{n_i}$. Let $A$ be the set of integers $n$ such that for every $i$ either $n<n_i$ or $n\not\equiv a_i\pmod{n_i}$. Must the logarithmic density of $A$ exist?"
9,44,open,no,yes,4,6,0,310,number theory;sidon sets;additive combinatorics,looksTRACT;working,"Let $N\geq 1$ and $A\subset \{1,\ldots,N\}$ be a Sidon set. Is it true that, for any $\epsilon>0$, there exist $M$ and $B\subset \{N+1,\ldots,M\}$ (which may depend on $N,A,\epsilon$) such that $A\cup B\subset \{1,\ldots,M\}$ is a Sidon set of size at least $(1-\epsilon)M^{1/2}$?"
9,65,open,no,yes,6,3,0,697,graph theory;cycles,looksTRACT,"Let $G$ be a graph with $n$ vertices and $kn$ edges, and $a_1<a_2<\cdots $ be the lengths of cycles in $G$. Is it true that\[\sum\frac{1}{a_i}\gg \log k?\]Is the sum $\sum\frac{1}{a_i}$ minimised when $G$ is a complete bipartite graph?"
9,85,open,no,yes,3,1,0,589,graph theory;ramsey theory,,"Let $n\geq 4$ and $f(n)$ be minimal such that every graph on $n$ vertices with minimal degree $\geq f(n)$ contains a $C_4$. Is it true that, for all large $n$, $f(n+1)\geq f(n)$?"
9,87,open,no,yes,1,0,0,555,graph theory;ramsey theory,looksdiff,"Let $\epsilon >0$. Is it true that, if $k$ is sufficiently large, then\[R(G)>(1-\epsilon)^kR(k)\]for every graph $G$ with chromatic number $\chi(G)=k$? Even stronger, is there some $c>0$ such that, for all large $k$, $R(G)>cR(k)$ for every graph $G$ with chromatic number $\chi(G)=k$?"
9,100,open,no,yes,5,2,0,351,geometry;distances,,Let $A$ be a set of $n$ points in $\mathbb{R}^2$ such that all pairwise distances are at least $1$ and if two distinct distances differ then they differ by at least $1$. Is the diameter of $A$ $\gg n$?
9,187,open,no,no,3,0,0,659,additive combinatorics;ramsey theory;arithmetic progressions,,"Find the best function $f(d)$ such that, in any 2-colouring of the integers, at least one colour class contains an arithmetic progression with common difference $d$ of length $f(d)$ for infinitely many $d$."
9,195,open,no,yes,4,0,0,148,arithmetic progressions,working,What is the largest $k$ such that in any permutation of $\mathbb{Z}$ there must exist a monotone $k$-term arithmetic progression $x_1<\cdots<x_k$?
9,271,open,no,no,1,8,0,1121,additive combinatorics;arithmetic progressions,,"Let $A(n)=\{a_0<a_1<\cdots\}$ be the sequence defined by $a_0=0$ and $a_1=n$, and for $k\geq 1$ define $a_{k+1}$ as the least positive integer such that there is no three-term arithmetic progression in $\{a_0,\ldots,a_{k+1}\}$. Can the $a_k$ be explicitly determined? How fast do they grow?"
9,273,open,no,yes,0,1,1,124,number theory;covering systems,claims=1,Is there a covering system all of whose moduli are of the form $p-1$ for some primes $p\geq 5$?
9,325,open,no,yes,3,2,0,283,number theory;powers,AIwiki,"Let $k\geq 3$ and $f_{k,3}(x)$ denote the number of integers $\leq x$ which are the sum of three nonnegative $k$th powers. Is it true that\[f_{k,3}(x) \gg x^{3/k}\]or even $\gg_\epsilon x^{3/k-\epsilon}$?"
9,335,open,no,no,0,2,0,1133,number theory;additive combinatorics,,"Let $d(A)$ denote the density of $A\subseteq \mathbb{N}$. Characterise those $A,B\subseteq \mathbb{N}$ with positive density such that\[d(A+B)=d(A)+d(B).\]"
9,341,open,no,yes,0,1,1,235,number theory,claims=1,"Let $A=\{a_1<\cdots<a_k\}$ be a finite set of positive integers and extend it to an infinite sequence $\overline{A}=\{a_1<a_2<\cdots \}$ by defining $a_{n+1}$ for $n\geq k$ to be the least integer exceeding $a_n$ which is not of the form $a_i+a_j$ with $i,j\leq n$. Is it true that the sequence of differences $a_{m+1}-a_m$ is eventually periodic?"
9,388,open,no,no,3,10,0,244,number theory,looksTRACT;working;AIwiki,"Can one classify all solutions of\[\prod_{1\leq i\leq k_1}(m_1+i)=\prod_{1\leq j\leq k_2}(m_2+j)\]where $k_1,k_2>3$ and $m_1+k_1\leq m_2$? Are there only finitely many solutions?"
9,413,open,no,yes,4,3,0,1451,number theory;iterated functions,looksTRACT;working,"Let $\omega(n)$ count the number of distinct primes dividing $n$. Are there infinitely many $n$ such that, for all $m<n$, we have $m+\omega(m) \leq n$? Can one show that there exists an $\epsilon>0$ such that there are infinitely many $n$ where $m+\epsilon \omega(m)\leq n$ for all $m<n$?"
9,432,open,no,no,0,1,0,93,number theory,looksdiff;AIwiki,"Let $A,B\subseteq \mathbb{N}$ be two infinite sets. How dense can $A+B$ be if all elements of $A+B$ are pairwise relatively prime?"
9,458,falsifiable,no,yes,0,3,0,435,number theory;primes,looksdiff;falsifiable,"Let $[1,\ldots,n]$ denote the least common multiple of $\{1,\ldots,n\}$. Is it true that, for all $k\geq 1$,\[[1,\ldots,p_{k+1}-1]< p_k[1,\ldots,p_k]?\]"
9,475,decidable,no,no,4,3,0,1377,number theory;additive combinatorics,working;decidable,"Let $p$ be a prime. Given any finite set $A\subseteq \mathbb{F}_p\backslash \{0\}$, is there always a rearrangement $A=\{a_1,\ldots,a_t\}$ such that all partial sums $\sum_{1\leq k\leq m}a_{k}$ are distinct, for all $1\leq m\leq t$?"
9,514,open,no,no,1,18,0,106,analysis,AIwiki,"Let $f(z)$ be an entire transcendental function. Does there exist a path $L$ so that, for every $n$,\[\lvert f(z)/z^n\rvert \to \infty\]as $z\to \infty$ along $L$? Can the length of this path be estimated in terms of $M(r)=\max_{\lvert z\rvert=r}\lvert f(z)\rvert$? Does there exist a path along which $\lvert f(z)\rvert$ tends to $\infty$ faster than a fixed function of $M(r)$ (such that $M(r)^\eps"
9,522,open,no,yes,1,24,0,850,analysis;polynomials;probability,,"Let $f(z)=\sum_{0\leq k\leq n} \epsilon_k z^k$ be a random polynomial, where $\epsilon_k\in \{-1,1\}$ independently uniformly at random for $0\leq k\leq n$. Is it true that, if $R_n$ is the number of roots of $f(z)$ in $\{ z\in \mathbb{C} : \lvert z\rvert \leq 1\}$, then\[\frac{R_n}{n/2}\to 1\]almost surely?"
9,529,open,no,no,4,2,0,659,geometry;probability,working,"Let $d_k(n)$ be the expected distance from the origin after taking $n$ random steps from the origin in $\mathbb{Z}^k$ (conditional on no self intersections) - that is, a self-avoiding walk . Is it true that\[\lim_{n\to \infty}\frac{d_2(n)}{n^{1/2}}= \infty?\]Is it true that\[d_k(n)\ll n^{1/2}\]for $k\geq 3$?"
9,558,open,no,no,3,0,0,461,graph theory;ramsey theory,,"Let $R_k(G)$ denote the minimal $m$ such that if the edges of $K_m$ are $k$-coloured then there is a monochromatic copy of $G$. Determine\[R_k(K_{s,t})\]where $K_{s,t}$ is the complete bipartite graph with $s$ vertices in one component and $t$ in the other."
9,560,open,no,no,5,0,0,699,graph theory;ramsey theory,,"Let $\hat{R}(G)$ denote the size Ramsey number, the minimal number of edges $m$ such that there is a graph $H$ with $m$ edges such that in any $2$-colouring of the edges of $H$ there is a monochromatic copy of $G$. Determine\[\hat{R}(K_{n,n}),\]where $K_{n,n}$ is the complete bipartite graph with $n$ vertices in each component."
9,563,open,no,yes,0,2,0,490,graph theory;ramsey theory;hypergraphs,,"Let $F(n,\alpha)$ denote the smallest $m$ such that there exists a $2$-colouring of the edges of $K_n$ so that every $X\subseteq [n]$ with $\lvert X\rvert\geq m$ contains more than $\alpha \binom{\lvert X\rvert}{2}$ many edges of each colour. Prove that, for every $0\leq \alpha< 1/2$,\[F(n,\alpha)\sim c_\alpha\log n\]for some constant $c_\alpha$ depending only on $\alpha$."
9,566,open,no,yes,1,0,0,400,graph theory;ramsey theory,looksdiff,"Let $G$ be such that any subgraph on $k$ vertices has at most $2k-3$ edges. Is it true that, if $H$ has $m$ edges and no isolated vertices, then\[R(G,H)\ll m?\]"
9,612,open,no,no,1,6,0,1393,graph theory,,"Let $G$ be a connected graph with $n$ vertices, minimum degree $d$, and diameter $D$. Show if that $G$ contains no $K_{2r}$ and $(r-1)(3r+2)\mid d$ then\[D\leq \frac{2(r-1)(3r+2)}{2r^2-1}\frac{n}{d}+O(1),\]and if $G$ contains no $K_{2r+1}$ and $3r-1 \mid d$ then\[D\leq \frac{3r-1}{r}\frac{n}{d}+O(1).\]"
9,668,open,no,no,3,3,0,496,geometry;distances,,Is it true that the number of incongruent sets of $n$ points in $\mathbb{R}^2$ which maximise the number of unit distances tends to infinity as $n\to\infty$? Is it always $>1$ for $n>3$?
9,670,open,no,no,2,4,0,603,geometry;distances,,Let $A\subseteq \mathbb{R}^d$ be a set of $n$ points such that all pairwise distances differ by at least $1$. Is the diameter of $A$ at least $(1+o(1))n^2$?
9,679,open,no,no,1,4,0,743,number theory,AIwiki,Let $\epsilon>0$ and $\omega(n)$ count the number of distinct prime factors of $n$. Are there infinitely many values of $n$ such that\[\omega(n-k) < (1+\epsilon)\frac{\log k}{\log\log k}\]for all $k<n$ which are sufficiently large depending on $\epsilon$ only? Can one show the stronger version with\[\omega(n-k) < \frac{\log k}{\log\log k}+O(1)\]is false?
9,686,open,no,yes,1,36,0,143,number theory,AIwiki,Can every integer $N\geq 2$ be written as\[N=\frac{\prod_{1\leq i\leq k}(m+i)}{\prod_{1\leq i\leq k}(n+i)}\]for some $k\geq 2$ and $m\geq n+k$?
9,691,open,no,no,0,4,0,1417,number theory,,Given $A\subseteq \mathbb{N}$ let $M_A=\{ n \geq 1 : a\mid n\textrm{ for some }a\in A\}$ be the set of multiples of $A$. Find a necessary and sufficient condition on $A$ for $M_A$ to have density $1$.
9,857,open,no,yes,2,1,0,564,combinatorics,working,"Let $m=m(n,k)$ be minimal such that in any collection of sets $A_1,\ldots,A_m\subseteq \{1,\ldots,n\}$ there must exist a sunflower of size $k$ - that is, some collection of $k$ of the $A_i$ which pairwise have the same intersection. Estimate $m(n,k)$, or even better, give an asymptotic formula."
9,864,open,no,no,2,2,0,432,number theory;sidon sets;additive combinatorics,,"Let $A\subseteq \{1,\ldots N\}$ be a set such that there exists at most one $n$ with more than one solution to $n=a+b$ (with $a\leq b\in A$). Estimate the maximal possible size of $\lvert A\rvert$ - in particular, is it true that\[\lvert A\rvert \leq (1+o(1))\frac{2}{\sqrt{3}}N^{1/2}?\]"
9,873,open,no,yes,1,10,0,261,number theory,AIwiki,"Let $A=\{a_1<a_2<\cdots\}\subseteq \mathbb{N}$ and let $F(A,X,k)$ count the number of $i$ such that\[[a_i,a_{i+1},\ldots,a_{i+k-1}] < X,\]where the left-hand side is the least common multiple. Is it true that, for every $\epsilon >0$, there exists some $k$ such that\[F(A,X,k)<X^\epsilon?\]"
9,901,open,no,no,3,1,0,799,combinatorics;hypergraphs,,Let $m(n)$ be minimal such that there is an $n$-uniform hypergraph with $m(n)$ edges which is $3$-chromatic. Estimate $m(n)$.
9,943,open,no,yes,1,5,0,34,number theory;powerful,AIwiki,Let $A$ be the set of powerful numbers (if $p\mid n$ then $p^2\mid n$). Is it true that\[1_A\ast 1_A(n)=n^{o(1)}\]for every $n$?
9,978,open,no,yes,2,16,0,1028,number theory,,"Let $f\in \mathbb{Z}[x]$ be an irreducible polynomial of degree $k>2$ (and suppose that $k\neq 2^l$ for any $l\geq 1$) such that the leading coefficient of $f$ is positive. Does the set of integers $n\geq 1$ for which $f(n)$ is $(k-1)$-power-free have positive density? If $k>3$, and for all primes $p$ there exists $n$ such that $p^{k-2}\nmid f(n)$, then are there infinitely many $n$ for which $f(n"
9,993,falsifiable,no,no,2,7,0,463,graph theory,looksTRACT;working;falsifiable,"The independent set sequence of any tree or forest is unimodal. In other words, if $i_k(G)$ counts the number of independent sets of vertices of size $k$ in a graph $G$, and $T$ is any tree or forest, then for some $m\geq 0$ $$i_{0}(T)\leq i_{1}(T)\leq\cdots\leq i_{m}(T)\geq i_{m+1}(T)\geq i_{m+2}(T)\geq\cdots.$$"
9,996,open,no,yes,2,1,0,671,analysis,AIwiki,"Let $n_1<n_2<\cdots$ be a lacunary sequence of integers, and let $f\in L^2([0,1])$. Let $f_n$ be the $n$th partial sum of the Fourier series of $f(x)$. Is there an absolute constant $C>0$ such that, if\[\| f-f_n\|_2 \ll \frac{1}{(\log\log\log n)^{C}}\]then\[\lim_{N\to\infty}\frac{1}{N}\sum_{k\leq N}f(\{\alpha n_k\})=\int_0^1 f(x)\mathrm{d}x\]for almost every $\alpha$?"
9,1035,open,no,yes,1,6,0,430,graph theory,looksTRACT,Is there a constant $c>0$ such that every graph on $2^n$ vertices with minimum degree $>(1-c)2^n$ contains the $n$-dimensional hypercube $Q_n$?
9,1056,open,no,yes,2,9,0,529,number theory,working,"Let $k\geq 2$. Does there exist a prime $p$ and consecutive intervals $I_1,\ldots,I_k$ such that\[\prod_{n\in I_i}n \equiv 1\pmod{p}\]for all $1\leq i\leq k$?"
9,1101,open,no,yes,1,3,0,486,number theory,AIwiki,"If $u=\{u_1<u_2<\cdots\}$ is a sequence of integers such that $(u_i,u_j)=1$ for all $i\neq j$ and $\sum \frac{1}{u_i}<\infty$ then let $\{a_1<a_2<\cdots\}$ be the sequence of integers which are not divisible by any of the $u_i$. For any $x$ define $t_x$ by\[u_1\cdots u_{t_x}\leq x< u_1\cdots u_{t_x}u_{t_x+1}.\]We call such a sequence $u_i$ good if, for all $\epsilon>0$, if $x$ is sufficiently larg"
9,1151,open,no,no,2,7,0,623,analysis;polynomials,looksTRACT;working;AIwiki,"Given $a_1,\ldots,a_n\in [-1,1]$ let\[\mathcal{L}^nf(x) = \sum_{1\leq i\leq n}f(a_i)\ell_i(x)\]be the unique polynomial of degree $n-1$ which agrees with $f$ on $a_i$ for $1\leq i\leq n$ (that is, the Lagrange interpolation polynomial). Let $a_i$ be the set of Chebyshev nodes . Prove that, for any closed $A\subseteq [-1,1]$, there exists a continuous function $f$ such that $A$ is the set of limit "
9,1155,open,no,no,3,1,0,587,graph theory,working,"Construct a random graph on $n$ vertices in the following way: begin with the complete graph $K_n$. At each stage, choose uniformly a random triangle in the graph and delete all the edges of this triangle. Repeat until the graph is triangle-free. Describe the typical parameters and structure of such a graph. In particular, if $f(n)$ is the number of edges remaining, then is it true that\[\mathbb{E"
9,1170,open,no,no,2,1,0,262,set theory;ramsey theory,looksdiff;looksTRACT;working,Is it consistent that\[\omega_2\to (\alpha)_2^2\]for every $\alpha <\omega_2$?
9,1199,open,no,yes,2,4,0,281,additive combinatorics;ramsey theory,,Is it true that in any $2$-colouring of $\mathbb{N}$ there exists an infinite set $A$ such that all elements of $A+A$ are the same colour?
9,1201,open,no,yes,0,11,0,89,number theory;primes,AIwiki,"Is it true that for every $\epsilon,\eta>0$ there exists a $k$ such that the density of $n$ for which\[P(n(n+1)\cdots(n+k))>n^{1-\epsilon}\]is at least $1-\eta$ (where $P(m)$ is the greatest prime divisor of $m$)?"
8,14,open,no,yes,3,2,0,839,number theory;sidon sets;additive combinatorics,,"Let $A\subseteq \mathbb{N}$. Let $B\subseteq \mathbb{N}$ be the set of integers which are representable in exactly one way as the sum of two elements from $A$. Is it true that for all $\epsilon>0$ and large $N$\[\lvert \{1,\ldots,N\}\backslash B\rvert \gg_\epsilon N^{1/2-\epsilon}?\]Is it possible that\[\lvert \{1,\ldots,N\}\backslash B\rvert =o(N^{1/2})?\]"
8,212,open,no,yes,2,0,0,1011,geometry;distances,looksdiff,Is there a dense subset of $\mathbb{R}^2$ such that all pairwise distances are rational?
8,243,open,no,yes,1,8,0,628,number theory;irrationality,,"Let $1\leq a_1<a_2<\cdots$ be a sequence of integers such that\[\lim_{n\to \infty}\frac{a_n}{a_{n-1}^2}=1\]and $\sum\frac{1}{a_n}\in \mathbb{Q}$. Then, for all sufficiently large $n\geq 1$,\[ a_n = a_{n-1}^2-a_{n-1}+1.\]"
8,249,open,no,yes,0,3,0,117,number theory;irrationality,looksdiff,Is\[\sum_n \frac{\phi(n)}{2^n}\]irrational? Here $\phi$ is the Euler totient function .
8,400,open,no,yes,0,11,0,184,number theory;factorials,working;AIwiki,"For any $k\geq 2$ let $g_k(n)$ denote the maximum value of\[(a_1+\cdots+a_k)-n\]where $a_1,\ldots,a_k$ are integers such that $a_1!\cdots a_k! \mid n!$. Can one show that\[\sum_{n\leq x}g_k(n) \sim c_k x\log x\]for some constant $c_k$? Is it true that there is a constant $c_k$ such that for almost all $n<x$ we have\[g_k(n)=c_k\log x+o(\log x)?\]"
8,415,open,no,no,2,5,0,1383,number theory,AIwiki,"For any $n$ let $F(n)$ be the largest $k$ such that any of the $k!$ possible ordering patterns appears in some sequence of $\phi(m+1),\ldots,\phi(m+k)$ with $m+k\leq n$. Is it true that\[F(n)=(c+o(1))\log\log\log n\]for some constant $c$? Is the first pattern which fails to appear always\[\phi(m+1)>\phi(m+2)>\cdots >\phi(m+k)?\]Is it true that the 'natural' ordering which mimics what happens to $\"
8,422,open,no,yes,1,2,0,179,number theory,looksdiff;looksTRACT;working,Let $f(1)=f(2)=1$ and for $n>2$\[f(n) = f(n-f(n-1))+f(n-f(n-2)).\]Does $f(n)$ miss infinitely many integers? What is its behaviour?
8,424,open,no,yes,1,0,2,1104,number theory,claims=2,"Let $a_1=2$ and $a_2=3$ and continue the sequence by appending to $a_1,\ldots,a_n$ all possible values of $a_ia_j-1$ with $i\neq j$. Is it true that the set of integers which eventually appear has positive density?"
8,452,open,no,yes,1,1,0,355,number theory,looksdiff,"Let $\omega(n)$ count the number of distinct prime factors of $n$. What is the size of the largest interval $I\subseteq [x,2x]$ such that $\omega(n)>\log\log n$ for all $n\in I$?"
8,528,open,no,no,5,1,0,576,geometry,,"Let $f(n,k)$ count the number of self-avoiding walks of $n$ steps (beginning at the origin) in $\mathbb{Z}^k$ (i.e. those walks which do not intersect themselves). Determine\[C_k=\lim_{n\to\infty}f(n,k)^{1/n}.\]"
8,530,open,no,no,3,1,0,824,number theory;sidon sets,,"Let $\ell(N)$ be maximal such that in any finite set $A\subset \mathbb{R}$ of size $N$ there exists a Sidon subset $S$ of size $\ell(N)$ (i.e. the only solutions to $a+b=c+d$ in $S$ are the trivial ones). Determine the order of $\ell(N)$. In particular, is it true that $\ell(N)\sim N^{1/2}$?"
8,584,open,no,no,3,4,0,481,graph theory;cycles,,"Let $G$ be a graph with $n$ vertices and $\delta n^{2}$ edges. Are there subgraphs $H_1,H_2\subseteq G$ such that $H_1$ has $\gg \delta^3n^2$ edges and every two edges in $H_1$ are contained in a cycle of length at most $6$, and furthermore if two edges share a vertex they are on a cycle of length $4$, and $H_2$ has $\gg \delta^2n^2$ edges and every two edges in $H_2$ are contained in a cycle of l"
8,601,open,$500,no,5,0,0,386,graph theory;set theory,prize,- $500 For which limit ordinals $\alpha$ is it true that if $G$ is a graph with vertex set $\alpha$ then $G$ must have either an infinite path or independent set on a set of vertices with order type $\alpha$?
8,620,open,no,no,5,2,0,750,graph theory,,If $G$ is a graph on $n$ vertices without a $K_4$ then how large a triangle-free induced subgraph must $G$ contain?
8,627,open,no,no,4,1,0,911,graph theory;chromatic number,,"Let $\omega(G)$ denote the clique number of $G$ and $\chi(G)$ the chromatic number. If $f(n)$ is the maximum value of $\chi(G)/\omega(G)$, as $G$ ranges over all graphs on $n$ vertices, then does\[\lim_{n\to\infty}\frac{f(n)}{n/(\log_2n)^2}\]exist?"
8,653,open,no,yes,1,0,1,183,geometry;distances,claims=1,"Let $x_1,\ldots,x_n\in \mathbb{R}^2$ and let $R(x_i)=\#\{ \lvert x_j-x_i\rvert : j\neq i\}$, where the points are ordered such that\[R(x_1)\leq \cdots \leq R(x_n).\]Let $g(n)$ be the maximum number of distinct values the $R(x_i)$ can take. Is it true that $g(n) \geq (1-o(1))n$?"
8,661,open,$50,no,4,1,0,485,geometry;distances,prize,"- $50 Are there, for all large $n$, some points $x_1,\ldots,x_n,y_1,\ldots,y_n\in \mathbb{R}^2$ such that the number of distinct distances $d(x_i,y_j)$ is\[o\left(\frac{n}{\sqrt{\log n}}\right)?\]"
8,677,open,no,yes,3,8,0,696,number theory,,"Let $M(n,k)=[n+1,\ldots,n+k]$ be the least common multiple of $\{n+1,\ldots,n+k\}$. Is it true that for all $m\geq n+k$\[M(n,k) \neq M(m,k)?\]"
8,683,open,no,yes,4,6,0,620,number theory;primes;binomial coefficients,,"Is it true that for every $1\leq k\leq n$ the largest prime divisor of $\binom{n}{k}$, say $P(\binom{n}{k})$, satisfies\[P\left(\binom{n}{k}\right)\geq \min(n-k+1, k^{1+c})\]for some constant $c>0$?"
8,687,open,$1000,no,2,1,0,1003,number theory,prize,"- $1000 Let $Y(x)$ be the maximal $y$ such that there exists a choice of congruence classes $a_p$ for all primes $p\leq x$ such that every integer in $[1,y]$ is congruent to at least one of the $a_p\pmod{p}$. Give good estimates for $Y(x)$. In particular, can one prove that $Y(x)=o(x^2)$ or even $Y(x)\ll x^{1+o(1)}$?"
8,774,open,no,yes,3,2,0,799,number theory,,"We call $A\subset \mathbb{N}$ dissociated if $\sum_{n\in X}n\neq \sum_{m\in Y}m$ for all finite $X,Y\subset A$ with $X\neq Y$. Let $A\subset \mathbb{N}$ be an infinite set. We call $A$ proportionately dissociated if every finite $B\subset A$ contains a dissociated set of size $\gg \lvert B\rvert$. Is every proportionately dissociated set the union of a finite number of dissociated sets?"
8,810,open,no,no,1,9,0,1235,graph theory;ramsey theory,,"Does there exist some $\epsilon>0$ such that, for all sufficiently large $n$, there exists a graph $G$ on $n$ vertices with at least $\epsilon n^2$ many edges such that the edges can be coloured with $n$ colours so that every $C_4$ receives $4$ distinct colours?"
8,840,open,no,no,3,0,0,802,additive combinatorics;sidon sets,,"Let $f(N)$ be the size of the largest quasi-Sidon subset $A\subset\{1,\ldots,N\}$, where we say that $A$ is quasi-Sidon if\[\lvert A+A\rvert=(1+o(1))\binom{\lvert A\rvert}{2}.\]How does $f(N)$ grow?"
8,870,open,no,no,4,10,0,337,number theory;additive basis,AIwiki,Let $k\geq 3$ and $A$ be an additive basis of order $k$. Does there exist a constant $c=c(k)>0$ such that if $r(n)\geq c\log n$ for all large $n$ then $A$ must contain a minimal basis of order $k$? (Here $r(n)$ counts the number of representations of $n$ as the sum of at most $k$ elements from $A$.)
8,935,open,no,no,1,12,0,807,number theory;powerful,AIwiki,"For any integer $n=\prod p^{k_p}$ let $Q_2(n)$ be the powerful part of $n$, so that\[Q_2(n) = \prod_{\substack{p\\ k_p\geq 2}}p^{k_p}.\]Is it true that, for every $\epsilon>0$ and $\ell\geq 1$, if $n$ is sufficiently large then\[Q_2(n(n+1)\cdots(n+\ell))<n^{2+\epsilon}?\]If $\ell\geq 2$ then is\[\limsup_{n\to \infty}\frac{Q_2(n(n+1)\cdots(n+\ell))}{n^2}\]infinite? If $\ell\geq 2$ then is\[\lim_{n\"
8,961,open,no,yes,4,1,0,418,number theory,,Let $f(k)$ be the minimal $n$ such that every set of $n$ consecutive integers $>k$ contains an integer divisible by a prime $>k$. Estimate $f(k)$.
8,968,open,no,yes,2,2,0,522,number theory,looksdiff,"Let $u_n=p_n/n$, where $p_n$ is the $n$th prime. Does the set of $n$ such that $u_n<u_{n+1}$ have positive density?"
8,1111,open,no,no,3,2,0,733,graph theory,,"If $G$ is a finite graph and $A,B$ are disjoint sets of vertices then we call $A,B$ anticomplete if there are no edges between $A$ and $B$. If $t,c\geq 1$ then there exists $d\geq 1$ such that if $\chi(G)\geq d$ and $\omega(G)<t$ then there are anticomplete sets $A,B$ with $\chi(A)\geq \chi(B)\geq c$."
8,1146,open,no,yes,1,2,0,283,number theory,looksdiff,"We say that $A\subset \mathbb{N}$ is an essential component if $d_s(A+B)>d_s(B)$ for every $B\subset \mathbb{N}$ with $0<d_s(B)<1$ where $d_s$ is the Schnirelmann density . Is $B=\{2^m3^n : m,n\geq 0\}$ an essential component?"
8,1150,open,no,yes,0,5,0,388,analysis;polynomials,working;AIwiki,"Does there exist a constant $c>0$ such that, for all large $n$ and all polynomials $P$ of degree $n$ with coefficients $\pm 1$,\[\max_{\lvert z\rvert=1}\lvert P(z)\rvert > (1+c)\sqrt{n}?\]"
8,1160,open,no,no,1,4,0,559,group theory,,Let $g(n)$ denote the number of groups of order $n$. If $n\leq 2^m$ then $g(n)\leq g(2^m)$.
8,1171,open,no,no,1,1,1,156,set theory;ramsey theory,claims=1,"Is it true that, for all finite $k<\omega$,\[\omega_1^2\to (\omega_1\omega, 3,\ldots,3)_{k+1}^2?\]"
8,1186,open,no,no,2,0,0,1162,additive combinatorics;arithmetic progressions,looksdiff;working,"Let $\delta_k$ be such that in any $2$-colouring of $\{1,\ldots,n\}$ there exist at least $(\delta_k+o(1))n^2$ many monochromatic $k$-term arithmetic progressions. Give reasonable bounds (or even an asymptotic formula) for $\delta_k$."
7,108,open,no,yes,6,1,0,508,graph theory;chromatic number;cycles,,"For every $r\geq 4$ and $k\geq 2$ is there some finite $f(k,r)$ such that every graph of chromatic number $\geq f(k,r)$ contains a subgraph of girth $\geq r$ and chromatic number $\geq k$?"
7,149,open,no,no,1,4,0,2110,graph theory,,"The strong chromatic index of a graph $G$, denoted by $\mathrm{sq}(G)$, is the minimum $k$ such that the edges of $G$ can be partitioned into $k$ sets of 'strongly independent' edges, that is, such that the subgraph of $G$ induced by each set is the union of vertex-disjoint edges. Is it true that, for any graph $G$ with maximum degree $\Delta$,\[\mathrm{sq}(G)\leq\frac{5}{4}\Delta^2?\]"
7,161,open,$500,no,0,3,0,1179,combinatorics;ramsey theory;discrepancy;hypergraphs,prize,"- $500 Let $\alpha\in[0,1/2)$ and $n,t\geq 1$. Let $F^{(t)}(n,\alpha)$ be the smallest $m$ such that we can $2$-colour the edges of the complete $t$-uniform hypergraph on $n$ vertices such that if $X\subseteq [n]$ with $\lvert X\rvert \geq m$ then there are at least $\alpha \binom{\lvert X\rvert}{t}$ many $t$-subsets of $X$ of each colour. For fixed $n,t$ as we change $\alpha$ from $0$ to $1/2$ do"
7,276,open,no,yes,1,3,0,822,number theory;covering systems,looksdiff,"Is there an infinite Lucas sequence $a_0,a_1,\ldots$ where $a_{n+2}=a_{n+1}+a_n$ for $n\geq 0$ such that all $a_k$ are composite, and yet no integer has a common factor with every term of the sequence?"
7,313,open,no,yes,0,3,0,427,number theory;unit fractions,looksdiff;working,"Are there infinitely many solutions to\[\frac{1}{p_1}+\cdots+\frac{1}{p_k}=1-\frac{1}{m},\]where $m\geq 2$ is an integer and $p_1<\cdots<p_k$ are distinct primes?"
7,377,open,no,yes,3,1,0,819,number theory;binomial coefficients,looksdiff,Is there some absolute constant $C>0$ such that\[\sum_{p\leq n}1_{p\nmid \binom{2n}{n}}\frac{1}{p}\leq C\]for all $n$ (where the summation is restricted to primes $p\leq n$)?
7,396,open,no,yes,2,35,0,585,number theory;binomial coefficients,looksTRACT;working;AIwiki,Is it true that for every $k$ there exists $n$ such that\[\prod_{0\leq i\leq k}(n-i) \mid \binom{2n}{n}?\]
7,425,open,no,no,2,7,0,1414,number theory;sidon sets,AIwiki,"Let $F(n)$ be the maximum possible size of a subset $A\subseteq\{1,\ldots,N\}$ such that the products $ab$ are distinct for all $a<b$. Is there a constant $c$ such that\[F(n)=\pi(n)+(c+o(1))n^{3/4}(\log n)^{-3/2}?\]If $A\subseteq \{1,\ldots,n\}$ is such that all products $a_1\cdots a_r$ are distinct for $a_1<\cdots <a_r$ then is it true that\[\lvert A\rvert \leq \pi(n)+O(n^{\frac{r+1}{2r}})?\]"
7,436,open,no,no,2,3,0,1390,number theory,looksdiff,"If $p$ is a prime and $k,m\geq 2$ then let $r(k,m,p)$ be the minimal $r$ such that $r,r+1,\ldots,r+m-1$ are all $k$th power residues modulo $p$. Let\[\Lambda(k,m)=\limsup_{p\to \infty} r(k,m,p).\]Is it true that $\Lambda(k,2)$ is finite for all $k$? Is $\Lambda(k,3)$ finite for all odd $k$? How large are they?"
7,456,open,no,yes,1,4,0,412,number theory,AIwiki,Let $p_n$ be the smallest prime $\equiv 1\pmod{n}$ and let $m_n$ be the smallest integer such that $n\mid \phi(m_n)$. Is it true that $m_n<p_n$ for almost all $n$? Does $p_n/m_n\to \infty$ for almost all $n$? Are there infinitely many primes $p$ such that $p-1$ is the only $n$ for which $m_n=p$?
7,470,open,$10,yes,2,2,0,955,number theory;divisors,working;prize,"- $10 Call $n$ weird if $\sigma(n)\geq 2n$ and $n$ is not pseudoperfect, that is, it is not the sum of any set of its divisors. Are there any odd weird numbers? Are there infinitely many primitive weird numbers, i.e. those such that no proper divisor of $n$ is weird?"
7,507,open,no,yes,2,0,0,558,geometry,AIwiki,Let $\alpha(n)$ be such that every set of $n$ points in the unit disk contains three points which determine a triangle of area at most $\alpha(n)$. Estimate $\alpha(n)$.
7,524,open,no,no,1,11,0,362,analysis;probability;polynomials,looksTRACT;working;AIwiki,"For any $t\in (0,1)$ let $t=\sum_{k=1}^\infty \epsilon_k(t)2^{-k}$ (where $\epsilon_k(t)\in \{0,1\}$). What is the correct order of magnitude (for almost all $t\in(0,1)$) for\[M_n(t)=\max_{x\in [-1,1]}\left\lvert \sum_{k\leq n}(-1)^{\epsilon_k(t)}x^k\right\rvert?\]"
7,545,open,no,yes,1,16,0,411,graph theory;ramsey theory,,"Let $G$ be a graph with $m$ edges and no isolated vertices. Is the Ramsey number $R(G)$ maximised when $G$ is 'as complete as possible'? That is, if $m=\binom{n}{2}+t$ edges with $0\leq t<n$ then is\[R(G)\leq R(H),\]where $H$ is the graph formed by connecting a new vertex to $t$ of the vertices of $K_n$?"
7,572,open,no,yes,3,3,0,795,graph theory;turan number;cycles,,Show that for $k\geq 3$\[\mathrm{ex}(n;C_{2k})\gg n^{1+\frac{1}{k}}.\]
7,576,open,no,no,4,0,0,831,graph theory;turan number,working,Let $Q_k$ be the $k$-dimensional hypercube graph (so that $Q_k$ has $2^k$ vertices and $k2^{k-1}$ edges). Determine the behaviour of\[\mathrm{ex}(n;Q_k).\]
7,614,open,no,no,1,1,0,76,graph theory,looksdiff;working,"Let $f(n,k)$ be minimal such that there is a graph with $n$ vertices and $f(n,k)$ edges where every set of $k+2$ vertices induces a subgraph with maximum degree at least $k$. Determine $f(n,k)$."
7,655,open,no,yes,1,5,0,491,geometry;distances,,"Let $x_1,\ldots,x_n\in \mathbb{R}^2$ be such that no circle whose centre is one of the $x_i$ contains three other points. Are there at least\[(1+c)\frac{n}{2}\]distinct distances determined between the $x_i$, for some constant $c>0$ and all $n$ sufficiently large?"
7,701,open,no,yes,2,6,0,878,combinatorics;intersecting family,,Let $\mathcal{F}$ be a family of sets closed under taking subsets (i.e. if $B\subseteq A\in\mathcal{F}$ then $B\in \mathcal{F}$). There exists some element $x$ such that whenever $\mathcal{F}'\subseteq \mathcal{F}$ is an intersecting subfamily we have\[\lvert \mathcal{F}'\rvert \leq \lvert \{ A\in \mathcal{F} : x\in A\}\rvert.\]
7,725,open,no,no,3,1,1,253,combinatorics,claims=1,Give an asymptotic formula for the number of $k\times n$ Latin rectangles .
7,743,falsifiable,no,no,4,6,0,818,graph theory,working;falsifiable,"Let $T_2,\ldots,T_n$ be a collection of trees such that $T_k$ has $k$ vertices. Can we always write $K_n$ as the edge disjoint union of the $T_k$?"
7,778,open,no,no,2,1,1,426,graph theory,claims=1,"Alice and Bob play a game on the edges of $K_n$, alternating colouring edges by red (Alice) and blue (Bob). Alice goes first, and wins if at the end the largest red clique is larger than any of the blue cliques. Does Bob have a winning strategy for $n\geq 3$? (Erdős believed the answer is yes.) If we change the game so that Bob colours two edges after each edge that Alice colours, but now require "
7,779,falsifiable,no,yes,1,5,0,497,number theory;primes,looksdiff;falsifiable,Let $n> 1$ and $p_1<\cdots<p_n$ denote the first $n$ primes. Let $P=\prod_{1\leq i\leq n}p_i$. Does there always exist some prime $p$ with $p_n<p<P$ such that $P+p$ is prime?
7,819,open,no,no,2,2,0,238,additive combinatorics,AIwiki,"Let $f(N)$ be maximal such that there exists $A\subseteq \{1,\ldots,N\}$ with $\lvert A\rvert=\lfloor N^{1/2}\rfloor$ such that $\lvert (A+A)\cap [1,N]\rvert=f(N)$. Estimate $f(N)$."
7,824,open,no,no,2,2,1,632,number theory,claims=1,"Let $h(x)$ count the number of integers $1\leq a<b<x$ such that $(a,b)=1$ and $\sigma(a)=\sigma(b)$, where $\sigma$ is the sum of divisors function. Is it true that $h(x)>x^{2-o(1)}$?"
7,836,open,no,no,2,3,0,871,graph theory;hypergraphs;chromatic number,AIwiki,"Let $r\geq 2$ and $G$ be a $r$-uniform hypergraph with chromatic number $3$ (that is, there is a $3$-colouring of the vertices of $G$ such that no edge is monochromatic). Suppose any two edges of $G$ have a non-empty intersection. Must $G$ contain $O(r^2)$ many vertices? Must there be two edges which meet in $\gg r$ many vertices?"
7,875,open,no,no,1,7,0,325,additive combinatorics,AIwiki,"Let $A=\{a_1<a_2<\cdots\}\subset \mathbb{N}$ be an infinite set such that the sets\[S_r = \{ a_1+\cdots +a_r : a_1<\cdots<a_r\in A\}\]are disjoint for distinct $r\geq 1$. How fast can such a sequence grow? How small can $a_{n+1}-a_n$ be? In particular, for which $c$ is it possible that $a_{n+1}-a_n\leq n^{c}$?"
7,891,open,no,yes,1,3,0,850,number theory,looksdiff,"Let $2=p_1<p_2<\cdots$ be the primes and $k\geq 2$. Is it true that, for all sufficiently large $n$, there must exist an integer in $[n,n+p_1\cdots p_k)$ with $>k$ many prime factors?"
7,918,open,no,yes,2,5,0,563,graph theory;chromatic number,,Is there a graph with $\aleph_2$ vertices and chromatic number $\aleph_2$ such that every subgraph on $\aleph_1$ vertices has chromatic number $\leq\aleph_0$? Is there a graph with $\aleph_{\omega+1}$ vertices and chromatic number $\aleph_1$ such that every subgraph on $\aleph_\omega$ vertices has chromatic number $\leq\aleph_0$?
7,931,open,no,yes,1,9,0,643,number theory,AIwiki,Let $k_1\geq k_2\geq 3$. Are there only finitely many $n_2\geq n_1+k_1$ such that\[\prod_{1\leq i\leq k_1}(n_1+i)\textrm{ and }\prod_{1\leq j\leq k_2}(n_2+j)\]have the same prime factors?
7,939,open,no,yes,3,9,0,1247,number theory;powerful,,"Let $r\geq 2$. An $r$-powerful number $n$ is one such that if $p\mid n$ then $p^r\mid n$. If $r\geq 4$ then can the sum of $r-2$ coprime $r$-powerful numbers ever be itself $r$-powerful? Are there at most finitely many such solutions? Are there infinitely many triples of coprime $3$-powerful numbers $a,b,c$ such that $a+b=c$?"
7,945,open,no,yes,2,3,0,903,number theory;divisors,,"Let $F(x)$ be the maximal $k$ such that there exist $n+1,\ldots,n+k\leq x$ with $\tau(n+1),\ldots,\tau(n+k)$ all distinct (where $\tau(m)$ counts the divisors of $m$). Estimate $F(x)$. In particular, is it true that\[F(x) \leq (\log x)^{O(1)}?\]In other words, is there a constant $C>0$ such that, for all large $x$, every interval $[x,x+(\log x)^C]$ contains two integers with the same number of div"
7,950,open,no,yes,0,3,0,870,number theory;primes,looksdiff,Let\[f(n) = \sum_{p<n}\frac{1}{n-p}.\]Is it true that\[\liminf f(n)=1\]and\[\limsup f(n)=\infty?\]Is it true that $f(n)=o(\log\log n)$ for all $n$?
7,955,open,no,yes,3,2,0,1088,number theory,,Let\[s(n)=\sigma(n)-n=\sum_{\substack{d\mid n\\ d<n}}d\]be the sum of proper divisors function. If $A\subset \mathbb{N}$ has density $0$ then $s^{-1}(A)$ must also have density $0$.
7,1004,open,no,yes,2,7,0,259,number theory,AIwiki,"Let $c>0$. If $x$ is sufficiently large then does there exist $n\leq x$ such that the values of $\phi(n+k)$ are all distinct for $1\leq k\leq (\log x)^c$, where $\phi$ is the Euler totient function?"
7,1013,open,no,no,2,15,0,436,graph theory;chromatic number,,"Let $h_3(k)$ be the minimal $n$ such that there exists a triangle-free graph on $n$ vertices with chromatic number $k$. Find an asymptotic for $h_3(k)$, and also prove\[\lim_{k\to \infty}\frac{h_3(k+1)}{h_3(k)}=1.\]"
7,1017,open,no,no,2,3,0,1268,graph theory,looksTRACT;working,"Let $f(n,k)$ be such that every graph on $n$ vertices and $k$ edges can be partitioned into at most $f(n,k)$ edge-disjoint complete graphs. Estimate $f(n,k)$ for $k>n^2/4$."
7,1054,open,no,yes,1,36,0,528,number theory;divisors,looksTRACT;working;AIwiki,"Let $f(n)$ be the minimal integer $m$ such that $n$ is the sum of the $k$ smallest divisors of $m$ for some $k\geq 1$. Is it true that $f(n)=o(n)$? Or is this true only for almost all $n$, and $\limsup f(n)/n=\infty$?"
7,1059,open,no,yes,1,0,2,352,number theory;primes,claims=2;looksdiff,Are there infinitely many primes $p$ such that $p-k!$ is composite for each $k$ such that $1\leq k!<p$?
7,1068,open,no,yes,3,2,0,539,graph theory;set theory;chromatic number,,Does every graph with chromatic number $\aleph_1$ contain a countable subgraph which is infinitely vertex-connected?
7,1113,open,no,yes,1,1,0,1518,number theory;covering systems,looksdiff,A positive odd integer $m$ such that none of $2^km+1$ are prime for $k\geq 0$ is called a Sierpinski number . We say that a set of primes $P$ is a covering set for $m$ if every $2^km+1$ is divisible by some $p\in P$. Are there Sierpinski numbers with no finite covering set of primes?
7,1143,open,no,no,1,6,0,279,number theory;primes,AIwiki,"Let $p_1<\cdots<p_u$ be primes and let $k\geq 1$. Let $F_k(p_1,\ldots,p_u)$ be such that every interval of $k$ positive integers contains at least $F_k(p_1,\ldots,p_u)$ multiples of at least one of the $p_i$. Estimate $F_k(p_1,\ldots,p_u)$, particularly in the range $k=\alpha p_u$ for constant $\alpha>2$."
6,32,open,no,yes,3,1,0,1021,number theory;additive basis,looksdiff,"- $50 Is there a set $A\subset\mathbb{N}$ such that\[\lvert A\cap\{1,\ldots,N\}\rvert = o((\log N)^2)\]and such that every large integer can be written as $p+a$ for some prime $p$ and $a\in A$? Can the bound $O(\log N)$ be achieved? Must such an $A$ satisfy\[\liminf \frac{\lvert A\cap\{1,\ldots,N\}\rvert}{\log N}> 1?\]"
6,122,open,no,no,2,5,0,928,number theory,working,"For which number theoretic functions $f$ is it true that, for any $F(n)$ such that $F(n)/f(n)\to 0$ for almost all $n$, there are infinitely many $x$ such that\[\frac{\#\{ n\in \mathbb{N} : n+f(n)\in (x,x+F(x))\}}{F(x)}\to \infty?\]"
6,306,open,no,yes,3,10,0,477,number theory;unit fractions,looksTRACT;AIwiki,"Let $a/b\in \mathbb{Q}_{>0}$ with $b$ squarefree. Are there integers $1<n_1<\cdots<n_k$, each the product of two distinct primes, such that\[\frac{a}{b}=\frac{1}{n_1}+\cdots+\frac{1}{n_k}?\]"
6,307,verifiable,no,yes,2,6,0,716,number theory;unit fractions,looksdiff;working;verifiable,"Are there two finite sets of primes $P,Q$ such that\[1=\left(\sum_{p\in P}\frac{1}{p}\right)\left(\sum_{q\in Q}\frac{1}{q}\right)?\]"
6,338,open,no,no,3,3,0,1016,number theory;additive basis,looksdiff,The restricted order of a basis is the least integer $t$ (if it exists) such that every large integer is the sum of at most $t$ distinct summands from $A$. What are necessary and sufficient conditions that this exists? Can it be bounded (when it exists) in terms of the order of the basis? What are necessary and sufficient conditions that this is equal to the order of the basis?
6,367,open,no,yes,0,7,0,700,number theory;powerful,working;AIwiki,"Let $B_2(n)$ be the $2$-full part of $n$ (that is, $B_2(n)=n/n'$ where $n'$ is the product of all primes that divide $n$ exactly once). Is it true that, for every fixed $k\geq 1$,\[\prod_{n\leq m<n+k}B_2(m) \ll n^{2+o(1)}?\]Or perhaps even $\ll_k n^2$?"
6,416,open,no,yes,8,0,1,849,number theory,claims=1,Let $V(x)$ count the number of $n\leq x$ such that $\phi(m)=n$ is solvable. Does $V(2x)/V(x)\to 2$? Is there an asymptotic formula for $V(x)$?
6,510,open,no,yes,4,3,0,642,analysis,,If $A\subset \mathbb{Z}$ is a finite set of size $N$ then is there some absolute constant $c>0$ and $\theta$ such that\[\sum_{n\in A}\cos(n\theta) < -cN^{1/2}?\]
6,520,open,no,yes,2,1,2,807,number theory;probability,claims=2,"Let $f$ be a Rademacher multiplicative function: a random $\{-1,0,1\}$-valued multiplicative function, where for each prime $p$ we independently choose $f(p)\in \{-1,1\}$ uniformly at random, and for square-free integers $n$ we extend $f(p_1\cdots p_r)=f(p_1)\cdots f(p_r)$ (and $f(n)=0$ if $n$ is not squarefree). Does there exist some constant $c>0$ such that, almost surely,\[\limsup_{N\to \infty}"
6,554,open,no,no,4,4,0,922,graph theory;ramsey theory,,Let $R_k(G)$ denote the minimal $m$ such that if the edges of $K_m$ are $k$-coloured then there is a monochromatic copy of $G$. Show that\[\lim_{k\to \infty}\frac{R_k(C_{2n+1})}{R_k(K_3)}=0\]for any $n\geq 2$.
6,598,open,no,yes,1,8,0,35,set theory;ramsey theory,AIwiki,Let $m$ be an infinite cardinal and $\kappa$ be the successor cardinal of $2^{\aleph_0}$. Can one colour the countable subsets of $m$ using $\kappa$ many colours so that every $X\subseteq m$ with $\lvert X\rvert=\kappa$ contains subsets of all possible colours?
6,628,falsifiable,no,yes,3,3,0,649,graph theory;chromatic number,falsifiable,"Let $G$ be a graph with chromatic number $k$ containing no $K_k$. If $a,b\geq 2$ and $a+b=k+1$ then must there exist two disjoint subgraphs of $G$ with chromatic numbers $\geq a$ and $\geq b$ respectively?"
6,657,open,no,no,3,7,0,1229,geometry;distances,,"Is it true that if $A\subset \mathbb{R}^2$ is a set of $n$ points such that every subset of $3$ points determines $3$ distinct distances (i.e. $A$ has no isosceles triangles) then $A$ must determine at least $f(n)n$ distinct distances, for some $f(n)\to \infty$?"
6,719,open,no,no,1,1,1,68,graph theory;hypergraphs,claims=1,"Let $\mathrm{ex}_r(n;K_{r+1}^r)$ be the maximum number of $r$-edges that can be placed on $n$ vertices without forming a $K_{r+1}^r$ (the $r$-uniform complete graph on $r+1$ vertices). Is every $r$-hypergraph $G$ on $n$ vertices the union of at most $\mathrm{ex}_{r}(n;K_{r+1}^r)$ many copies of $K_r^r$ and $K_{r+1}^r$, no two of which share a $K_r^r$?"
6,742,decidable,no,yes,3,1,1,370,graph theory,claims=1;decidable,"Let $G$ be a graph on $n$ vertices with diameter $2$, such that deleting any edge increases the diameter of $G$. Is it true that $G$ has at most $n^2/4$ edges?"
6,791,open,no,no,4,2,0,504,additive combinatorics,,"Let $g(n)$ be minimal such that there exists $A\subseteq \{0,\ldots,n\}$ of size $g(n)$ with $\{0,\ldots,n\}\subseteq A+A$. Estimate $g(n)$. In particular is it true that $g(n)\sim 2n^{1/2}$?"
6,852,open,no,no,1,8,0,89,number theory;primes,working;AIwiki,"Let $d_n=p_{n+1}-p_n$, where $p_n$ is the $n$th prime. Let $h(x)$ be maximal such that for some $n<x$ the numbers $d_n,d_{n+1},\ldots,d_{n+h(x)-1}$ are all distinct. Estimate $h(x)$. In particular, is it true that\[h(x) >(\log x)^c\]for some constant $c>0$, and\[h(x)=o(\log x)?\]"
6,902,open,no,no,3,4,0,253,graph theory,,Let $f(n)$ be minimal such that there is a tournament (a complete directed graph) on $f(n)$ vertices such that every set of $n$ vertices is dominated by at least one other vertex. Estimate $f(n)$.
6,932,open,no,yes,1,9,0,274,number theory,looksdiff;looksTRACT;working,Let $p_k$ denote the $k$th prime. For infinitely many $r$ there are at least two integers $p_r<n<p_{r+1}$ all of whose prime factors are $<p_{r+1}-p_r$.
6,962,open,no,yes,2,5,0,774,number theory,,"Let $k(n)$ be the maximal $k$ such that there exists $m\leq n$ such that each of the integers\[m+1,\ldots,m+k\]are divisible by at least one prime $>k$. Estimate $k(n)$ - in particular, is it true that\[\log k(n) \leq (\log n)^{1/2+o(1)}?\]"
6,963,open,no,no,1,20,0,115,number theory,working;AIwiki,"Let $f(n)$ be the maximal $k$ such that in any set $A\subset \mathbb{R}$ of size $n$ there is a subset $B\subseteq A$ of size $\lvert B\rvert\geq k$ which is dissociated that is, the sums $\sum_{b\in S}b$ are distinct for all $S\subseteq B$. Estimate $f(n)$ - in particular, is it true that\[f(n)\geq \lfloor \log_2 n\rfloor?\]"
6,1032,open,no,no,3,3,0,588,graph theory;chromatic number,AIwiki,"We say that a graph is $4$-chromatic critical if it has chromatic number $4$, and removing any edge decreases the chromatic number to $3$. Is there, for arbitrarily large $n$, a $4$-chromatic critical graph on $n$ vertices with minimum degree $\gg n$?"
6,1085,open,no,yes,1,1,0,1279,geometry;distances,,"Let $f_d(n)$ be minimal such that, in any set of $n$ points in $\mathbb{R}^d$, there exist at most $f_d(n)$ pairs of points which distance $1$ apart. Estimate $f_d(n)$."
6,1094,open,no,yes,3,1,0,1643,number theory;binomial coefficients,working,"For all $n\geq 2k$ the least prime factor of $\binom{n}{k}$ is $\leq \max(n/k,k)$, with only finitely many exceptions."
6,1142,open,no,yes,2,5,0,641,number theory;primes,looksdiff,Are there infinitely many $n$ (or any $n>105$) such that $n-2^k$ is prime for all $1<2^k<n$?
6,1178,open,no,no,6,1,0,1014,graph theory;hypergraphs,looksdiff,"For $r\geq 3$ let $d_r(e)$ be the minimal $d$ such that\[\mathrm{ex}_r(n,\mathcal{F})=o(n^2),\]where $\mathcal{F}$ is the family of $r$-uniform hypergraphs on $d$ vertices with $e$ edges. Prove that\[d_r(e)=(r-2)e+3\]for all $r,e\geq 3$."
5,33,open,no,yes,1,6,0,794,number theory;additive basis,,"Let $A\subset\mathbb{N}$ be such that every large integer can be written as $n^2+a$ for some $a\in A$ and $n\geq 0$. What is the smallest possible value of\[\limsup \frac{\lvert A\cap\{1,\ldots,N\}\rvert}{N^{1/2}}?\]Is\[\liminf \frac{\lvert A\cap\{1,\ldots,N\}\rvert}{N^{1/2}}>1?\]"
5,80,open,no,yes,3,1,0,661,graph theory;ramsey theory,,"Let $c>0$ and let $f_c(n)$ be the maximal $m$ such that every graph $G$ with $n$ vertices and at least $cn^2$ edges, where each edge is contained in at least one triangle, must contain a book of size $m$, that is, an edge shared by at least $m$ different triangles. Estimate $f_c(n)$. In particular, is it true that $f_c(n)>n^{\epsilon}$ for some $\epsilon>0$? Or $f_c(n)\gg \log n$?"
5,91,open,no,yes,3,7,0,698,geometry;distances,,Let $n$ be a sufficiently large integer. Suppose $A\subset \mathbb{R}^2$ has $\lvert A\rvert=n$ and minimises the number of distinct distances between points in $A$. Prove that there are at least two (and probably many) such $A$ which are non-similar.
5,159,open,no,yes,5,0,0,400,graph theory;ramsey theory,looksdiff,"- $100 There exists some constant $c>0$ such that $$R(C_4,K_n) \ll n^{2-c}.$$"
5,203,open,no,yes,0,14,0,486,primes;covering systems,looksdiff;working,"Is there an integer $m\geq 1$ with $(m,6)=1$ such that none of $2^k3^\ell m+1$ are prime, for any $k,\ell\geq 0$?"
5,217,open,no,no,4,3,0,763,geometry;distances,,"For which $n$ are there $n$ points in $\mathbb{R}^2$, no three on a line and no four on a circle, which determine $n-1$ distinct distances and so that (in some ordering of the distances) the $i$th distance occurs $i$ times?"
5,278,open,no,no,1,4,2,347,number theory;covering systems,claims=2,Let $A=\{n_1<\cdots<n_r\}$ be a finite set of positive integers. What is the maximum density of integers covered by a suitable choice of congruences $a_i\pmod{n_i}$? Is the minimum density achieved when all the $a_i$ are equal?
5,319,open,no,yes,2,0,1,644,number theory;unit fractions,claims=1,"What is the size of the largest $A\subseteq \{1,\ldots,N\}$ such that there is a function $\delta:A\to \{-1,1\}$ such that\[\sum_{n\in A}\frac{\delta_n}{n}=0\]and\[\sum_{n\in A'}\frac{\delta_n}{n}\neq 0\]for all non-empty $A'\subsetneq A$?"
5,329,open,no,yes,4,1,0,802,number theory;sidon sets,working,"Suppose $A\subseteq \mathbb{N}$ is a Sidon set. How large can\[\limsup_{N\to \infty}\frac{\lvert A\cap \{1,\ldots,N\}\rvert}{N^{1/2}}\]be?"
5,345,open,no,no,1,4,0,428,number theory;complete sequences,looksdiff;AIwiki,"Let $A\subseteq \mathbb{N}$ be a complete sequence, and define the threshold of completeness $T(A)$ to be the least integer $m$ such that all $n\geq m$ are in\[P(A) = \left\{\sum_{n\in B}n : B\subseteq A\textrm{ finite }\right\}\](the existence of $T(A)$ is guaranteed by completeness). Is it true that there are infinitely many $k$ such that $T(n^k)>T(n^{k+1})$?"
5,359,open,no,yes,2,1,0,599,number theory,looksdiff;working,"Let $a_1<a_2<\cdots$ be an infinite sequence of integers such that $a_1=n$ and $a_{i+1}$ is the least integer which is not a sum of consecutive earlier $a_j$s. What can be said about the density of this sequence? In particular, in the case $n=1$, can one prove that $a_k/k\to \infty$ and $a_k/k^{1+c}\to 0$ for any $c>0$?"
5,373,open,no,yes,1,3,0,1597,number theory;factorials,looksdiff,"Show that the equation\[n! = a_1!a_2!\cdots a_k!,\]with $n-1>a_1\geq a_2\geq \cdots \geq a_k\geq 2$, has only finitely many solutions."
5,375,falsifiable,no,yes,3,6,0,705,number theory;primes,looksdiff;falsifiable,"Is it true that for any $n,k\geq 1$, if $n+1,\ldots,n+k$ are all composite then there are distinct primes $p_1,\ldots,p_k$ such that $p_i\mid n+i$ for $1\leq i\leq k$?"
5,393,open,no,no,2,8,0,535,number theory;factorials,AIwiki,Let $f(n)$ denote the minimal $m\geq 1$ such that\[n! = a_1\cdots a_t\]with $a_1<\cdots <a_t=a_1+m$. What is the behaviour of $f(n)$?
5,450,open,no,yes,1,0,1,772,number theory;divisors,claims=1,"How large must $y=y(\epsilon,n)$ be such that the number of integers in $(x,x+y)$ with a divisor in $(n,2n)$ is at most $\epsilon y$?"
5,451,open,no,no,2,6,0,495,number theory,AIwiki,"Estimate $n_k$, the smallest integer $>2k$ such that $\prod_{1\leq i\leq k}(n_k-i)$ has no prime factor in $(k,2k)$."
5,460,open,no,no,2,22,0,1522,number theory,working;AIwiki,"Let $a_0=0$ and $a_1=1$, and in general define $a_k$ to be the least integer $>a_{k-1}$ for which $(n-a_k,n-a_i)=1$ for all $0\leq i<k$. Does\[\sum_{0<a_i< n}\frac{1}{a_i}\to \infty\]as $n\to \infty$? What about if we restrict the sum to those $i$ such that $n-a_j$ is divisible by some prime $\leq a_j$, or the complement of such $i$?"
5,489,open,no,yes,1,3,1,183,number theory,claims=1,"Let $A\subseteq \mathbb{N}$ be a set such that $\lvert A\cap [1,x]\rvert=o(x^{1/2})$. Let\[B=\{ n\geq 1 : a\nmid n\textrm{ for all }a\in A\}.\]If $B=\{b_1<b_2<\cdots\}$ then is it true that\[\lim \frac{1}{x}\sum_{b_i<x}(b_{i+1}-b_i)^2\]exists (and is finite)?"
5,538,open,no,yes,1,0,1,235,number theory,claims=1;looksdiff,"Let $r\geq 2$ and suppose that $A\subseteq\{1,\ldots,N\}$ is such that, for any $m$, there are at most $r$ solutions to $m=pa$ where $p$ is prime and $a\in A$. Give the best possible upper bound for\[\sum_{n\in A}\frac{1}{n}.\]"
5,602,open,no,yes,1,1,1,129,combinatorics;set theory,claims=1;AIwiki,"Let $(A_i)$ be a family of sets with $\lvert A_i\rvert=\aleph_0$ for all $i$, such that for any $i\neq j$ we have $\lvert A_i\cap A_j\rvert$ finite and $\neq 1$. Is there a $2$-colouring of $\cup A_i$ such that no $A_i$ is monochromatic?"
5,604,open,$500,no,10,1,0,1286,geometry;distances,prize,"- $500 Given $n$ distinct points $A\subset\mathbb{R}^2$ must there be a point $x\in A$ such that\[\#\{ d(x,y) : y \in A\} \gg n^{1-o(1)}?\]Or even $\gg n/\sqrt{\log n}$?"
5,609,open,no,yes,3,1,0,626,graph theory;ramsey theory,,Let $f(n)$ be the minimal $m$ such that if the edges of $K_{2^n+1}$ are coloured with $n$ colours then there must be a monochromatic odd cycle of length at most $m$. Estimate $f(n)$.
5,616,open,no,no,2,6,0,138,graph theory,AIwiki,"Let $r\geq 3$. For an $r$-uniform hypergraph $G$ let $\tau(G)$ denote the covering number (or transversal number), the minimum size of a set of vertices which includes at least one from each edge in $G$. Determine the best possible $t$ such that, if $G$ is an $r$-uniform hypergraph $G$ where every subgraph $G'$ on at most $3r-3$ vertices has $\tau(G')\leq 1$, we have $\tau(G)\leq t$."
5,710,open,₹2000,no,2,7,0,372,number theory,looksdiff;looksTRACT;working;prize,"- $78 Let $f(n)$ be minimal such that in $(n,n+f(n))$ there exist distinct integers $a_1,\ldots,a_n$ such that $k\mid a_k$ for all $1\leq k\leq n$. Obtain an asymptotic formula for $f(n)$."
5,770,open,no,yes,1,6,1,206,number theory,claims=1,"Let $h(n)$ be minimal such that $2^n-1,3^n-1,\ldots,h(n)^n-1$ are mutually coprime. Does, for every prime $p$, the density $\delta_p$ of integers with $h(n)=p$ exist? Does $\liminf h(n)=\infty$? Is it true that if $p$ is the greatest prime such that $p-1\mid n$ and $p>n^\epsilon$ then $h(n)=p$?"
5,820,open,no,no,1,3,1,476,number theory,claims=1,"Let $H(n)$ be the smallest integer $l$ such that there exist $k<l$ with $(k^n-1,l^n-1)=1$. Is it true that $H(n)=3$ infinitely often? (That is, $(2^n-1,3^n-1)=1$ infinitely often?) Estimate $H(n)$. Is it true that there exists some constant $c>0$ such that, for all $\epsilon>0$,\[H(n) > \exp(n^{(c-\epsilon)/\log\log n})\]for infinitely many $n$ and\[H(n) < \exp(n^{(c+\epsilon)/\log\log n})\]for al"
5,854,open,no,no,0,7,1,729,number theory,claims=1,"Let $n_k$ denote the $k$th primorial, i.e. the product of the first $k$ primes. If $1=a_1<a_2<\cdots a_{\phi(n_k)}=n_k-1$ is the sequence of integers coprime to $n_k$, then estimate the smallest even integer not of the form $a_{i+1}-a_i$. Are there\[\gg \max_i (a_{i+1}-a_i)\]many even integers of the form $a_{j+1}-a_j$?"
5,883,open,no,yes,2,3,1,698,number theory;graph theory,claims=1,"For $A\subseteq \{1,\ldots,n\}$ let $G(A)$ be the graph with vertex set $A$, where two integers are joined by an edge if they are coprime. Is it true that if\[\lvert A\rvert >\lfloor\tfrac{n}{2}\rfloor+\lfloor\tfrac{n}{3}\rfloor-\lfloor\tfrac{n}{6}\rfloor\]then $G(A)$ contains all odd cycles of length $\leq \frac{n}{3}+1$? Is it true that, for every $\ell\geq 1$, if $n$ is sufficiently large and\["
5,917,open,no,no,3,0,1,1445,graph theory;chromatic number,claims=1;looksTRACT;working,"Let $k\geq 4$ and $f_k(n)$ be the largest number of edges in a graph on $n$ vertices which has chromatic number $k$ and is critical (i.e. deleting any edge reduces the chromatic number). Is it true that\[f_k(n) \gg_k n^2?\]Is it true that\[f_6(n)\sim n^2/4?\]More generally, is it true that, for $k\geq 6$,\[f_k(n) \sim \frac{1}{2}\left(1-\frac{1}{\lfloor k/3\rfloor}\right)n^2?\]"
5,976,open,no,no,5,3,0,508,number theory,AIwiki,"Let $f\in \mathbb{Z}[x]$ be an irreducible polynomial of degree $d\geq 2$. Let $F_f(n)$ be maximal such that there exists $1\leq m\leq n$ with $f(m)$ is divisible by a prime $\geq F_f(n)$. Equivalently, $F_f(n)$ is the greatest prime divisor of\[\prod_{1\leq m\leq n}f(m).\]Estimate $F_f(n)$. In particular, is it true that $F_f(n)\gg n^{1+c}$ for some constant $c>0$? Or even $\gg n^d$?"
5,985,open,no,yes,3,2,0,292,number theory,looksdiff;AIwiki,"Is it true that, for every prime $p$, there is a prime $q<p$ which is a primitive root modulo $p$?"
5,1002,open,no,yes,2,2,2,338,analysis;diophantine approximation,claims=2,"For any $0<\alpha<1$, let\[f(\alpha,n)=\frac{1}{\log n}\sum_{1\leq k\leq n}(\tfrac{1}{2}-\{ \alpha k\}).\]Does $f(\alpha,n)$ have an asymptotic distribution function? In other words, is there a non-decreasing function $g$ such that $g(-\infty)=0$, $g(\infty)=1$, and\[\lim_{n\to \infty}\lvert \{ \alpha\in (0,1): f(\alpha,n)\leq c\}\rvert=g(c)?\]"
5,1016,open,no,no,3,1,0,478,graph theory;cycles,AIwiki,"Let $h(n)$ be minimal such that there is a graph on $n$ vertices with $n+h(n)$ edges which contains a cycle on $k$ vertices, for all $3\leq k\leq n$. Estimate $h(n)$. In particular, is it true that\[h(n) \geq \log_2n+\log_*n-O(1),\]where $\log_*n$ is the iterated logarithmic function?"
5,1029,open,$100,yes,2,1,0,659,graph theory;ramsey theory,working;prize,"- $100 If $R(k)$ is the Ramsey number for $K_k$, the minimal $n$ such that every $2$-colouring of the edges of $K_n$ contains a monochromatic copy of $K_k$, then\[\frac{R(k)}{k2^{k/2}}\to \infty.\]"
5,1041,falsifiable,no,yes,1,50,0,185,analysis;polynomials,looksdiff;working;AIwiki;falsifiable,Let $f(z)=\prod_{i=1}^n(z-z_i)\in \mathbb{C}[z]$ with $\lvert z_i\rvert < 1$ for all $i$. Must there always exist a path of length less than $2$ in\[\{z: \lvert f(z)\rvert < 1\}\]which connects two of the roots of $f$?
5,1062,open,no,yes,2,13,0,228,number theory,AIwiki,"Let $f(n)$ be the size of the largest subset $A\subseteq \{1,\ldots,n\}$ such that there are no three distinct elements $a,b,c\in A$ such that $a\mid b$ and $a\mid c$. How large can $f(n)$ be? Is $\lim f(n)/n$ irrational?"
5,1117,open,no,no,3,1,1,295,analysis,claims=1;looksTRACT;working,Let $f(z)$ be an entire function which is not a monomial. Let $\nu(r)$ count the number of $z$ with $\lvert z\rvert=r$ such that $\lvert f(z)\rvert=\max_{\lvert z\rvert=r}\lvert f(z)\rvert$. (This is a finite quantity if $f$ is not a monomial.) Is it possible for\[\limsup \nu(r)=\infty?\]Is it possible for\[\liminf \nu(r)=\infty?\]
5,1122,open,no,no,2,1,1,370,number theory,claims=1;looksdiff;looksTRACT;working,"Let $f:\mathbb{N}\to \mathbb{R}$ be an additive function (i.e. $f(ab)=f(a)+f(b)$ whenever $(a,b)=1$). Let\[A=\{ n \geq 1: f(n+1)< f(n)\}.\]If $\lvert A\cap [1,X]\rvert =o(X)$ then must $f(n)=c\log n$ for some $c\in \mathbb{R}$?"
5,1163,open,no,no,1,2,1,169,group theory,claims=1,Describe (by statistical means) the arithmetic structure of the orders of subgroups of $S_n$.
4,9,open,no,yes,9,2,0,863,number theory;additive basis;primes,looksdiff,"Let $A$ be the set of all odd integers $\geq 1$ not of the form $p+2^{k}+2^l$ (where $k,l\geq 0$ and $p$ is prime). Is the upper density of $A$ positive?"
4,10,open,no,yes,10,1,1,1192,number theory;additive basis;primes,claims=1;looksTRACT,Is there some $k$ such that every large integer is the sum of a prime and at most $k$ powers of 2?
4,75,open,no,yes,3,3,0,503,graph theory;chromatic number,AIwiki,Is there a graph of chromatic number $\aleph_1$ with $\aleph_1$ vertices such that for all $\epsilon>0$ if $n$ is sufficiently large and $H$ is a subgraph on $n$ vertices then $H$ contains an independent set of size $>n^{1-\epsilon}$? What about an independent set of size $\gg n$?
4,82,open,no,yes,5,24,0,1325,graph theory,working,Let $F(n)$ be maximal such that every graph on $n$ vertices contains a regular induced subgraph on at least $F(n)$ vertices. Prove that $F(n)/\log n\to \infty$.
4,137,open,no,yes,4,5,0,605,number theory;powerful,looksdiff,We say that $N$ is powerful if whenever $p\mid N$ we also have $p^2\mid N$. Let $k\geq 3$. Can the product of any $k$ consecutive positive integers ever be powerful?
4,141,open,no,yes,4,4,0,554,additive combinatorics;primes;arithmetic progressions,looksdiff,Let $k\geq 3$. Are there $k$ consecutive primes in arithmetic progression?
4,142,open,$10000,yes,2,1,0,849,additive combinatorics;arithmetic progressions,looksdiff;looksTRACT;working;prize,"- $10000 Let $r_k(N)$ be the largest possible size of a subset of $\{1,\ldots,N\}$ that does not contain any non-trivial $k$-term arithmetic progression. Prove an asymptotic formula for $r_k(N)$."
4,168,open,no,yes,3,9,0,671,additive combinatorics,,"Let $F(N)$ be the size of the largest subset of $\{1,\ldots,N\}$ which does not contain any set of the form $\{n,2n,3n\}$. What is\[ \lim_{N\to \infty}\frac{F(N)}{N}?\]Is this limit irrational?"
4,170,open,no,yes,4,3,0,507,additive combinatorics,,"Let $F(N)$ be the smallest possible size of $A\subset \{0,1,\ldots,N\}$ such that $\{0,1,\ldots,N\}\subset A-A$. Find the value of\[\lim_{N\to \infty}\frac{F(N)}{N^{1/2}}.\]"
4,176,open,no,no,7,13,0,794,additive combinatorics;arithmetic progressions;discrepancy,working;AIwiki,"Let $N(k,\ell)$ be the minimal $N$ such that for any $f:\{1,\ldots,N\}\to\{-1,1\}$ there must exist a $k$-term arithmetic progression $P$ such that\[ \left\lvert \sum_{n\in P}f(n)\right\rvert\geq \ell.\]Find good upper bounds for $N(k,\ell)$. Is it true that for any $c>0$ there exists some $C>1$ such that\[N(k,ck)\leq C^k?\]What about\[N(k,2)\leq C^k\]or\[N(k,\sqrt{k})\leq C^k?\]"
4,254,open,no,yes,2,3,2,239,number theory,claims=2;working,"Let $A\subseteq \mathbb{N}$ be such that\[\lvert A\cap [1,2x]\rvert -\lvert A\cap [1,x]\rvert \to \infty\textrm{ as }x\to \infty\]and\[\sum_{n\in A} \{ \theta n\}=\infty\]for every $\theta\in (0,1)$, where $\{x\}$ is the distance of $x$ from the nearest integer. Then every sufficiently large integer is the sum of distinct elements of $A$."
4,288,open,no,yes,1,7,0,238,number theory;unit fractions,looksdiff;working;AIwiki,"Is it true that there are only finitely many pairs of intervals $I_1,I_2$ such that\[\sum_{n_1\in I_1}\frac{1}{n_1}+\sum_{n_2\in I_2}\frac{1}{n_2}\in \mathbb{N}?\]"
4,336,open,no,no,1,1,1,834,number theory;additive basis,claims=1;looksTRACT,For $r\geq 2$ let $h(r)$ be the maximal finite $k$ such that there exists a basis $A\subseteq \mathbb{N}$ of order $r$ (so every large integer is the sum of at most $r$ integers from $A$) and exact order $k$ (so every large integer is the sum of exactly $k$ integers from $A$). Find the value of\[\lim_r \frac{h(r)}{r^2}.\]
4,390,open,no,yes,2,3,1,123,number theory;factorials,claims=1;AIwiki,Is there (and what is it) a constant $c$ such that\[f(n)-2n \sim c\frac{n}{\log n}?\]
4,409,open,no,yes,0,8,0,738,number theory;iterated functions,looksdiff,How many iterations of $n\mapsto \phi(n)+1$ are needed before a prime is reached? Can infinitely many $n$ reach the same prime? What is the density of $n$ which reach any fixed prime?
4,500,open,$500,no,2,2,0,600,graph theory;hypergraphs;turan number,prize,"- $500 What is $\mathrm{ex}_3(n,K_4^3)$? That is, the largest number of $3$-edges which can placed on $n$ vertices so that there exists no $K_4^3$, a set of 4 vertices which is covered by all 4 possible $3$-edges."
4,509,open,no,yes,3,2,1,332,analysis;polynomials,claims=1;working,Let $f(z)\in\mathbb{C}[z]$ be a monic non-constant polynomial. Can the set\[\{ z\in \mathbb{C} : \lvert f(z)\rvert \leq 1\}\]be covered by a set of circles the sum of whose radii is $\leq 2$?
4,580,decidable,no,no,3,2,1,555,graph theory,claims=1;decidable,Let $G$ be a graph on $n$ vertices such that at least $n/2$ vertices have degree at least $n/2$. Must $G$ contain every tree on at most $n/2$ vertices?
4,617,falsifiable,no,yes,2,2,7,282,graph theory,claims=7;looksTRACT;working;falsifiable,Let $r\geq 3$. If the edges of $K_{r^2+1}$ are $r$-coloured then there exist $r+1$ vertices with at least one colour missing on the edges of the induced $K_{r+1}$.
4,643,open,no,no,4,2,0,877,graph theory;hypergraphs,,"Let $f(n;t)$ be minimal such that if a $t$-uniform hypergraph on $n$ vertices contains at least $f(n;t)$ edges then there must be four edges $A,B,C,D$ such that\[A\cup B= C\cup D\]and\[A\cap B=C\cap D=\emptyset.\]Estimate $f(n;t)$ - in particular, is it true that for $t\geq 3$\[f(n;t)=(1+o(1))\binom{n}{t-1}?\]"
4,749,open,no,yes,1,12,0,696,additive combinatorics,working;AIwiki,Let $\epsilon>0$. Does there exist $A\subseteq \mathbb{N}$ such that the lower density of $A+A$ is at least $1-\epsilon$ and yet $1_A\ast 1_A(n) \ll_\epsilon 1$ for all $n$?
4,835,verifiable,no,yes,0,7,0,535,graph theory;hypergraphs,working;AIwiki;verifiable,"Does there exist a $k>2$ such that the $k$-sized subsets of $\{1,\ldots,2k\}$ can be coloured with $k+1$ colours such that for every $A\subset \{1,\ldots,2k\}$ with $\lvert A\rvert=k+1$ all $k+1$ colours appear among the $k$-sized subsets of $A$?"
4,866,open,no,no,1,5,0,685,number theory;additive combinatorics,working;AIwiki,"Let $k\geq 3$ and $g_k(N)$ be minimal such that if $A\subseteq \{1,\ldots,2N\}$ has $\lvert A\rvert \geq N+g_k(N)$ then there exist integers $b_1,\ldots,b_k$ such that all $\binom{k}{2}$ pairwise sums are in $A$ (but the $b_i$ themselves need not be in $A$). Estimate $g_k(N)$."
4,949,open,no,yes,1,8,0,473,ramsey theory,AIwiki,Let $S\subset \mathbb{R}$ be a set containing no solutions to $a+b=c$. Must there be a set $A\subseteq \mathbb{R}\backslash S$ of cardinality continuum such that $A+A\subseteq \mathbb{R}\backslash S$?
4,951,open,no,yes,3,22,0,1042,number theory,AIwiki,"Let $1<a_1<\cdots$ be a sequence of real numbers such that\[\left\lvert \prod_i a_i^{k_i}-\prod_j a_j^{\ell_j}\right\rvert \geq 1\]for every distinct pair of non-negative finitely supported integer tuples $k_i,\ell_j\geq 0$. Is it true that\[\#\{ a_i \leq x\} \leq \pi(x)?\]"
4,971,open,no,yes,2,3,1,218,number theory,claims=1;AIwiki,"Let $p(a,d)$ be the least prime congruent to $a\pmod{d}$. Does there exist a constant $c>0$ such that, for all large $d$,\[p(a,d) > (1+c)\phi(d)\log d\]for $\gg \phi(d)$ many values of $a$?"
4,1066,open,no,no,2,4,0,1234,graph theory;planar graphs,working,"Let $G$ be a graph given by $n$ points in $\mathbb{R}^2$, where any two distinct points are at least distance $1$ apart, and we draw an edge between two points if they are distance $1$ apart. Let $g(n)$ be maximal such that any such graph always has an independent set on at least $g(n)$ vertices. Estimate $g(n)$, or perhaps $\lim \frac{g(n)}{n}$."
4,1075,open,no,no,1,3,1,142,hypergraphs,claims=1;looksTRACT;working,"Let $r\geq 3$. There exists $c_r>r^{-r}$ such that, for any $\epsilon>0$, if $n$ is sufficiently large, the following holds. Any $r$-uniform hypergraph on $n$ vertices with at least $(1+\epsilon)(n/r)^r$ many edges contains a subgraph on $m$ vertices with at least $c_rm^r$ edges, where $m=m(n)\to \infty$ as $n\to \infty$."
4,1082,falsifiable,no,yes,2,22,0,1416,geometry;distances,AIwiki;falsifiable,"Let $A\subset \mathbb{R}^2$ be a set of $n$ points with no three on a line. Does $A$ determine at least $\lfloor n/2\rfloor$ distinct distances? In fact, must there exist a single point from which there are at least $\lfloor n/2\rfloor$ distinct distances?"
4,1167,open,no,yes,2,3,0,629,set theory;ramsey theory,looksdiff;working,"Let $r\geq 2$ be finite and $\lambda$ be an infinite cardinal. Let $\kappa_\alpha$ be cardinals for all $\alpha<\gamma$. Is it true that\[2^\lambda \to (\kappa_\alpha+1)_{\alpha<\gamma}^{r+1}\]implies\[\lambda \to (\kappa_\alpha)_{\alpha<\gamma}^{r}?\]Here $+$ means cardinal addition, so that $\kappa_\alpha+1=\kappa_\alpha$ if $\kappa_\alpha$ is infinite."
4,1183,open,no,no,1,10,0,564,combinatorics;ramsey theory,AIwiki,"Let $f(n)$ be maximal such that in any $2$-colouring of the subsets of $\{1,\ldots,n\}$ there is always a monochromatic family of at least $f(n)$ sets which is closed under taking unions and intersections. Estimate $f(n)$. Let $F(n)$ be defined similarly, except that we only require the family be closed under taking unions. Estimate $F(n)$. In particular, is it true that $F(n)\geq n^{\omega(n)}$ f"
4,1212,open,no,yes,2,3,1,1427,number theory;primes,claims=1,"Let $G$ be the graph with vertex set those pairs $(x,y)\in \mathbb{N}^2$ with $\mathrm{gcd}(x,y)=1$, in which we join two vertices if the differ in only one coordinate, and there by $\pm 1$. Is there a path going to infinity on $G$, say $P$, such that for all $(x,y)\in P$ both $\min(x,y)>1$ and at least one of $x$ or $y$ is composite?"
3,51,open,no,yes,3,9,0,306,number theory,looksdiff;AIwiki,"Is there an infinite set $A\subset \mathbb{N}$ such that for every $a\in A$ there is an integer $n$ such that $\phi(n)=a$, and yet if $n_a$ is the smallest such integer then $n_a/a\to \infty$ as $a\to\infty$?"
3,124,open,no,yes,3,14,0,1134,number theory;base representations;complete sequences,working;AIwiki,"For any $d\geq 1$ and $k\geq 0$ let $P(d,k)$ be the set of integers which are the sum of distinct powers $d^i$ with $i\geq k$. Let $3\leq d_1<d_2<\cdots <d_r$ be integers such that\[\sum_{1\leq i\leq r}\frac{1}{d_r-1}\geq 1.\]Can all sufficiently large integers be written as a sum of the shape $\sum_i c_ia_i$ where $c_i\in \{0,1\}$ and $a_i\in P(d_i,0)$? If we further have $\mathrm{gcd}(d_1,\ldots"
3,143,open,$500,yes,6,2,0,1247,primitive sets,working;prize,"- $500 Let $A\subset (1,\infty)$ be a countably infinite set such that for all $x\neq y\in A$ and integers $k\geq 1$ we have\[ \lvert kx -y\rvert \geq 1.\]Does this imply that $A$ is sparse? In particular, does this imply that\[\sum_{x\in A}\frac{1}{x\log x}<\infty\]or\[\sum_{\substack{x <n\\ x\in A}}\frac{1}{x}=o(\log n)?\]"
3,169,open,no,no,5,7,0,1211,additive combinatorics;arithmetic progressions,,Let $k\geq 3$ and $f(k)$ be the supremum of $\sum_{n\in A}\frac{1}{n}$ as $A$ ranges over all sets of positive integers which do not contain a $k$-term arithmetic progression. Estimate $f(k)$. Is\[\lim_{k\to \infty}\frac{f(k)}{\log W(k)}=\infty\]where $W(k)$ is the van der Waerden number?
3,233,open,no,yes,2,17,0,650,number theory;primes,looksdiff;AIwiki,"Let $d_n=p_{n+1}-p_n$, where $p_n$ is the $n$th prime. Prove that\[\sum_{1\leq n\leq N}d_n^2 \ll N(\log N)^2.\]"
3,274,open,no,yes,0,3,1,671,group theory;covering systems,claims=1,If $G$ is a group then can there exist an exact covering of $G$ by more than one cosets of different sizes? (i.e. each element is contained in exactly one of the cosets)
3,326,open,no,yes,1,12,0,229,number theory;additive basis,looksdiff;working;AIwiki,"Does there exist $A=\{a_1<a_2<\cdots\}\subset \mathbb{N}$ which is a minimal basis of order $2$ (i.e. every large integer is the sum of $2$ elements from $A$, and no proper subset of $A$ has this property), such that\[\lim_{k\to \infty}\frac{a_k}{k^2}=c\]for some $c\neq 0$?"
3,368,open,no,no,4,4,0,636,number theory,AIwiki,How large is the largest prime factor of $n(n+1)$?
3,383,open,no,yes,1,2,1,255,number theory,claims=1;looksdiff,Is it true that for every $k$ there are infinitely many primes $p$ such that the largest prime divisor of\[\prod_{0\leq i\leq k}(p^2+i)\]is $p$?
3,394,open,no,yes,2,9,2,750,number theory,claims=2,"Let $t_k(n)$ denote the least $m$ such that\[n\mid m(m+1)(m+2)\cdots (m+k-1).\]Is it true that\[\sum_{n\leq x}t_2(n)\ll \frac{x^2}{(\log x)^c}\]for some $c>0$? Is it true that, for $k\geq 2$,\[\sum_{n\leq x}t_{k+1}(n) =o\left(\sum_{n\leq x}t_k(n)\right)?\]"
3,596,open,no,yes,1,1,0,417,graph theory;ramsey theory;set theory,looksdiff,"For which graphs $G_1,G_2$ is it true that for every $n\geq 1$ there is a graph $H$ without a $G_1$ but if the edges of $H$ are $n$-coloured then there is a monochromatic copy of $G_2$, and yet for every graph $H$ without a $G_1$ there is an $\aleph_0$-colouring of the edges of $H$ without a monochromatic $G_2$."
3,635,open,no,no,2,6,0,699,number theory,looksdiff;AIwiki,"Let $t\geq 1$ and $A\subseteq \{1,\ldots,N\}$ be such that whenever $a,b\in A$ with $b-a\geq t$ we have $b-a\nmid b$. How large can $\lvert A\rvert$ be? Is it true that\[\lvert A\rvert \leq \left(\frac{1}{2}+o_t(1)\right)N?\]"
3,689,open,no,yes,1,30,1,336,number theory,claims=1;looksTRACT;AIwiki,"Let $n$ be sufficiently large. Is there some choice of congruence class $a_p$ for all primes $2\leq p\leq n$ such that every integer in $[1,n]$ satisfies at least two of the congruences $\equiv a_p\pmod{p}$?"
3,708,open,$100,no,3,1,1,919,number theory,claims=1;prize,"- $100 Let $g(n)$ be minimal such that for any $A\subseteq [2,\infty)\cap \mathbb{N}$ with $\lvert A\rvert =n$ and any set $I$ of $\max(A)$ consecutive integers there exists some $B\subseteq I$ with $\lvert B\rvert=g(n)$ such that\[\prod_{a\in A} a \mid \prod_{b\in B}b.\]Is it true that\[g(n) \leq (2+o(1))n?\]Or perhaps even $g(n)\leq 2n$?"
3,757,open,no,yes,1,7,0,736,geometry;distances;sidon sets,,Let $A\subset \mathbb{R}$ be a set of size $n$ such that every subset $B\subseteq A$ with $\lvert B\rvert =4$ has $\lvert B-B\rvert\geq 11$. Find the best constant $c>0$ such that $A$ must always contain a Sidon set of size $\geq cn$.
3,769,open,no,yes,2,1,2,577,number theory;geometry,claims=2,"Let $c(n)$ be minimal such that if $k\geq c(n)$ then the $n$-dimensional unit cube can be decomposed into $k$ homothetic $n$-dimensional cubes. Give good bounds for $c(n)$ - in particular, is it true that $c(n) \gg n^n$?"
3,789,open,no,yes,5,0,1,370,additive combinatorics,claims=1,"Let $h(n)$ be maximal such that if $A\subseteq \mathbb{Z}$ with $\lvert A\rvert=n$ then there is $B\subseteq A$ with $\lvert B\rvert \geq h(n)$ such that if $a_1+\cdots+a_r=b_1+\cdots+b_s$ with $a_i,b_i\in B$ then $r=s$. Estimate $h(n)$."
3,790,open,no,no,3,1,1,530,additive combinatorics,claims=1,"Let $l(n)$ be maximal such that if $A\subset\mathbb{Z}$ with $\lvert A\rvert=n$ then there exists a sum-free $B\subseteq A$ with $\lvert B\rvert \geq l(n)$ - that is, $B$ is such that there are no solutions to\[a_1=a_2+\cdots+a_r\]with $a_i\in B$ all distinct. Estimate $l(n)$. In particular, is it true that $l(n)n^{-1/2}\to \infty$? Is it true that $l(n)< n^{1-c}$ for some $c>0$?"
3,811,open,no,no,3,1,0,1364,graph theory;ramsey theory,AIwiki,"Suppose $n\equiv 1\pmod{m}$. We say that an edge-colouring of $K_n$ using $m$ colours is balanced if every vertex sees exactly $\lfloor n/m\rfloor$ many edges of each colours. For which graphs $G$ is it true that, if $m=e(G)$, for all large $n\equiv 1\pmod{m}$, every balanced edge-colouring of $K_n$ with $m$ colours contains a rainbow copy of $G$? (That is, a subgraph isomorphic to $G$ where each "
3,850,open,no,yes,3,4,0,990,number theory;primes,looksdiff,"Can there exist two distinct integers $x$ and $y$ such that $x,y$ have the same prime factors, $x+1,y+1$ have the same prime factors, and $x+2,y+2$ also have the same prime factors?"
3,860,open,no,no,3,3,2,305,number theory;primes,claims=2,"Let $h(n)$ be such that, for any $m\geq 1$, in the interval $(m,m+h(n))$ there exist distinct integers $a_i$ for $1\leq i\leq \pi(n)$ such that $p_i\mid a_i$, where $p_i$ denotes the $i$th prime. Estimate $h(n)$."
3,942,open,no,yes,1,12,0,783,number theory;powerful,AIwiki,"Let $h(n)$ count the number of powerful (if $p\mid m$ then $p^2\mid m$) integers in $[n^2,(n+1)^2)$. Estimate $h(n)$. In particular is there some constant $c>0$ such that\[h(n) < (\log n)^{c+o(1)}\]and, for infinitely many $n$,\[h(n) >(\log n)^{c-o(1)}?\]"
3,995,open,no,no,2,8,0,557,analysis;discrepancy,AIwiki,"Let $n_1<n_2<\cdots$ be a lacunary sequence of integers and $f\in L^2([0,1])$. Estimate the growth of, for almost all $\alpha$,\[\sum_{1\leq k\leq N}f(\{ \alpha n_k\}).\]For example, is it true that, for almost all $\alpha$,\[\sum_{1\leq k\leq N}f(\{ \alpha n_k\})=o(N\sqrt{\log\log N})?\]"
3,1049,open,no,yes,1,4,0,119,irrationality,looksdiff;working,"Let $t>1$ be a rational number. Is\[\sum_{n=1}^\infty\frac{1}{t^n-1}=\sum_{n=1}^\infty \frac{\tau(n)}{t^n}\]irrational, where $\tau(n)$ counts the divisors of $n$?"
3,1074,open,no,yes,2,5,0,1275,number theory,looksdiff,"Let $S$ be the set of all $m\geq 1$ such that there exists a prime $p\not\equiv 1\pmod{m}$ such that $m!+1\equiv 0\pmod{p}$. Does\[\lim \frac{\lvert S\cap [1,x]\rvert}{x}\]exist? What is it? Similarly, if $P$ is the set of all primes $p$ such that there exists an $m$ with $p\not\equiv 1\pmod{m}$ such that $m!+1\equiv 0\pmod{p}$, then does\[\lim \frac{\lvert P\cap [1,x]\rvert}{\pi(x)}\]exist? What "
3,1100,open,no,no,2,7,2,449,number theory;divisors,claims=2;looksTRACT;working,"If $1=d_1<\cdots<d_{\tau(n)}=n$ are the divisors of $n$, then let $\tau_\perp(n)$ count the number of $i$ for which $(d_i,d_{i+1})=1$. Is it true that $\tau_\perp(n)/\omega(n)\to \infty$ for almost all $n$? Is it true that\[\tau_\perp(n)< \exp((\log n)^{o(1)})\]for all $n$? Let\[g(k) = \max_{\omega(n)=k}\tau_\perp(n),\]where $\omega(n)$ counts the number of distinct prime divisors of $n$, and $n$ "
3,1104,open,no,yes,3,2,0,737,graph theory;chromatic number,,Let $f(n)$ be the maximum possible chromatic number of a triangle-free graph on $n$ vertices. Estimate $f(n)$.
3,1131,open,no,no,4,6,0,592,analysis;polynomials,AIwiki,"For $x_1,\ldots,x_n\in [-1,1]$ let\[l_k(x)=\frac{\prod_{i\neq k}(x-x_i)}{\prod_{i\neq k}(x_k-x_i)},\]which are such that $l_k(x_k)=1$ and $l_k(x_i)=0$ for $i\neq k$. What is the minimal value of\[I(x_1,\ldots,x_n)=\int_{-1}^1 \sum_k \lvert l_k(x)\rvert^2\mathrm{d}x?\]In particular, is it true that\[\min I =2-(1+o(1))\frac{1}{n}?\]"
3,1139,open,no,yes,0,10,1,35,number theory;primes,claims=1;looksTRACT;AIwiki,Let $1\leq u_1<u_2<\cdots$ be the sequence of integers with at most $2$ prime factors. Is it true that\[\limsup \frac{u_{k+1}-u_k}{\log k}=\infty?\]
3,1145,open,no,yes,0,4,0,371,additive combinatorics;additive basis,looksdiff,Let $A=\{1\leq a_1<a_2<\cdots\}$ and $B=\{1\leq b_1<b_2<\cdots\}$ be sets of integers with $a_n/b_n\to 1$. If $A+B$ contains all sufficiently large positive integers then is it true that $\limsup 1_A\ast 1_B(n)=\infty$?
3,1194,open,no,no,2,8,0,1202,additive combinatorics;additive basis;sidon sets,AIwiki,"Let $A\subset\mathbb{N}$ be such that every integer $n\geq 1$ can be written uniquely as $a_n-b_n$ for some $a_n,b_n\in A$. How fast must $a_n/n$ increase?"
2,81,open,no,no,2,3,3,584,graph theory,claims=3;AIwiki,"Let $G$ be a chordal graph on $n$ vertices - that is, $G$ has no induced cycles of length greater than $3$. Can the edges of $G$ be partitioned into $n^2/6+O(n)$ many cliques?"
2,98,open,no,yes,6,4,0,285,geometry;distances,looksdiff;working,"Let $h(n)$ be such that any $n$ points in $\mathbb{R}^2$, with no three on a line and no four on a circle, determine at least $h(n)$ distinct distances. Does $h(n)/n\to \infty$?"
2,265,open,no,no,0,3,1,974,irrationality,claims=1,Let $1\leq a_1<a_2<\cdots$ be an increasing sequence of integers. How fast can $a_n\to \infty$ grow if\[\sum\frac{1}{a_n}\quad\textrm{and}\quad\sum\frac{1}{a_n-1}\]are both rational?
2,272,open,no,yes,1,7,0,1332,additive combinatorics;arithmetic progressions,working,"Let $N\geq 1$. What is the largest $t$ such that there are $A_1,\ldots,A_t\subseteq \{1,\ldots,N\}$ with $A_i\cap A_j$ a non-empty arithmetic progression for all $i\neq j$?"
2,289,open,no,yes,1,4,2,618,number theory;unit fractions,claims=2;working,"Is it true that, for all sufficiently large $k$, there exist finite intervals $I_1,\ldots,I_k\subset \mathbb{N}$, distinct, not overlapping or adjacent, with $\lvert I_i\rvert \geq 2$ for $1\leq i\leq k$ such that\[1=\sum_{i=1}^k \sum_{n\in I_i}\frac{1}{n}?\]"
2,302,open,no,yes,2,1,2,674,number theory;unit fractions,claims=2;working,"Let $f(N)$ be the size of the largest $A\subseteq \{1,\ldots,N\}$ such that there are no solutions to\[\frac{1}{a}= \frac{1}{b}+\frac{1}{c}\]with distinct $a,b,c\in A$? Estimate $f(N)$. In particular, is $f(N)=(\tfrac{1}{2}+o(1))N$?"
2,327,open,no,no,1,11,2,417,number theory;unit fractions,claims=2;AIwiki,"Suppose $A\subseteq \{1,\ldots,N\}$ is such that if $a,b\in A$ and $a\neq b$ then $a+b\nmid ab$. Can $A$ be 'substantially more' than the odd numbers? What if $a,b\in A$ with $a\neq b$ implies $a+b\nmid 2ab$? Must $\lvert A\rvert=o(N)$?"
2,342,open,no,yes,1,18,0,220,number theory,looksdiff;working;AIwiki,"With $a_1=1$ and $a_2=2$ let $a_{n+1}$ for $n\geq 2$ be the least integer $>a_n$ which can be expressed uniquely as $a_i+a_j$ for $i<j\leq n$. What can be said about this sequence? Do infinitely many pairs $a,a+2$ occur? Does this sequence eventually have periodic differences? Is the density $0$?"
2,348,open,no,yes,1,2,1,551,number theory;complete sequences,claims=1;working,"For what values of $0\leq m<n$ is there a complete sequence $A=\{a_1\leq a_2\leq \cdots\}$ of integers such that $A$ remains complete after removing any $m$ elements, but $A$ is not complete after removing any $n$ elements?"
2,361,open,no,yes,0,4,1,29,number theory,claims=1;working,"Let $c>0$ and $n$ be some large integer. What is the size of the largest $A\subseteq \{1,\ldots,\lfloor cn\rfloor\}$ such that $n$ is not a sum of a subset of $A$? Does this depend on $n$ in an irregular way?"
2,374,open,no,no,3,1,1,320,number theory,claims=1;AIwiki,"For any $m\in \mathbb{N}$, let $F(m)$ be the minimal $k\geq 2$ (if it exists) such that there are $a_1<\cdots <a_k=m$ with $a_1!\cdots a_k!$ a square. Let $D_k=\{ m : F(m)=k\}$. What is the order of growth of $\lvert D_k\cap\{1,\ldots,n\}\rvert$ for $3\leq k\leq 6$? For example, is it true that $\lvert D_6\cap \{1,\ldots,n\}\rvert \gg n$?"
2,423,open,no,yes,2,38,0,945,number theory,AIwiki,Let $a_1=1$ and $a_2=2$ and for $k\geq 3$ choose $a_k$ to be the least integer $>a_{k-1}$ which is the sum of at least two consecutive terms of the sequence. What is the asymptotic behaviour of this sequence?
2,483,open,no,no,2,4,0,844,number theory;additive combinatorics;ramsey theory,looksdiff,"Let $f(k)$ be the minimal $N$ such that if $\{1,\ldots,N\}$ is $k$-coloured then there is a monochromatic solution to $a+b=c$. Estimate $f(k)$. In particular, is it true that $f(k) < c^k$ for some constant $c>0$?"
2,539,open,no,yes,1,8,0,828,number theory;additive combinatorics,AIwiki,"Let $h(n)$ be such that, for any set $A\subseteq \mathbb{N}$ of size $n$, the set\[\left\{ \frac{a}{(a,b)}: a,b\in A\right\}\]has size at least $h(n)$. Estimate $h(n)$."
2,547,decidable,no,yes,2,5,0,1546,graph theory;ramsey theory,working;decidable,If $T$ is a tree on $n$ vertices then\[R(T) \leq 2n-2.\]
2,552,open,no,yes,4,1,0,1935,graph theory;ramsey theory,,"- $100 Determine the Ramsey number\[R(C_4,S_n),\]where $S_n=K_{1,n}$ is the star on $n+1$ vertices. In particular, is it true that, for any $c>0$, there are infinitely many $n$ such that\[R(C_4,S_n)\leq n+\sqrt{n}-c?\]"
2,561,open,no,no,2,5,2,588,graph theory;ramsey theory,claims=2;looksTRACT;working,"Let $\hat{R}(G)$ denote the size Ramsey number, the minimal number of edges $m$ such that there is a graph $H$ with $m$ edges such that in any $2$-colouring of the edges of $H$ there is a monochromatic copy of $G$. Let $F_1$ and $F_2$ be the union of stars. More precisely, let $F_1=\cup_{i\leq s} K_{1,n_i}$ and $F_2=\cup_{j\leq t} K_{1,m_j}$ with $n_1\geq \cdots \geq n_s\geq 1$ and $m_1\geq \cdots"
2,629,open,no,no,1,4,0,705,graph theory;chromatic number,AIwiki,The list chromatic number $\chi_L(G)$ is defined to be the minimal $k$ such that for any assignment of a list of $k$ colours to each vertex of $G$ (perhaps different lists for different vertices) a colouring of each vertex by a colour on its list can be chosen such that adjacent vertices receive distinct colours. Determine the minimal number of vertices $n(k)$ of a bipartite graph $G$ such that $\
2,662,open,no,no,1,4,1,731,geometry;distances,claims=1,"Consider the triangular lattice with minimal distance between two points $1$. Denote by $f(t)$ the number of distances from any points $\leq t$. For example $f(1)=6$, $f(\sqrt{3})=12$, and $f(3)=18$. Let $x_1,\ldots,x_n\in \mathbb{R}^2$ be such that $d(x_i,x_j)\geq 1$ for all $i\neq j$. Is it true that, provided $n$ is sufficiently large depending on $t$, the number of distances $d(x_i,x_j)\leq t$"
2,675,open,no,no,1,7,1,473,number theory,claims=1;AIwiki,"We say that $A\subset \mathbb{N}$ has the translation property if, for every $n$, there exists some integer $t_n\geq 1$ such that, for all $1\leq a\leq n$,\[a\in A\quad\textrm{ if and only if }\quad a+t_n\in A.\] Does the set of the sums of two squares have the translation property? If we partition all primes into $P\sqcup Q$, such that each set contains $\gg x/\log x$ many primes $\leq x$ for all"
2,676,open,no,no,2,9,1,1228,number theory,claims=1,Is every sufficiently large integer of the form\[ap^2+b\]for some prime $p$ and integer $a\geq 1$ and $0\leq b<p$?
2,711,open,₹1000,no,3,8,0,564,number theory,looksdiff;working;prize,"- $78 Let $f(n,m)$ be minimal such that in $(m,m+f(n,m))$ there exist distinct integers $a_1,\ldots,a_n$ such that $k\mid a_k$ for all $1\leq k\leq n$. Prove that\[\max_m f(n,m) \leq n^{1+o(1)}\]and that\[\max_m (f(n,m)-f(n,n))\to \infty.\]"
2,731,open,no,no,1,9,1,227,number theory;binomial coefficients,claims=1;AIwiki,"Find some reasonable function $f(n)$ such that, for almost all integers $n$, the least integer $m$ such that $m\nmid \binom{2n}{n}$ satisfies\[m\sim f(n).\]"
2,768,open,no,no,1,6,1,443,number theory,claims=1;looksTRACT;working;AIwiki,"Let $A\subset\mathbb{N}$ be the set of $n$ such that for every prime $p\mid n$ there exists some $d\mid n$ with $d>1$ such that $d\equiv 1\pmod{p}$. Is it true that there exists some constant $c>0$ such that for all large $N$\[\frac{\lvert A\cap [1,N]\rvert}{N}=\exp(-(c+o(1))\sqrt{\log N}\log\log N).\]"
2,787,open,no,no,1,5,0,579,additive combinatorics,looksdiff,Let $g(n)$ be maximal such that given any set $A\subset \mathbb{R}$ with $\lvert A\rvert=n$ there exists some $B\subseteq A$ of size $\lvert B\rvert\geq g(n)$ such that $b_1+b_2\not\in A$ for all $b_1\neq b_2\in B$. Estimate $g(n)$.
2,796,open,no,yes,2,4,2,1408,number theory,claims=2,"Let $k\geq 2$ and let $g_k(n)$ be the largest possible size of $A\subseteq \{1,\ldots,n\}$ such that every $m$ has $<k$ solutions to $m=a_1a_2$ with $a_1<a_2\in A$. Is it true that\[g_3(n)=\frac{\log\log n}{\log n}n+(c+o(1))\frac{n}{\log n}\]for some constant $c$?"
2,876,open,no,no,6,1,1,885,additive combinatorics,claims=1,"Let $A=\{a_1<a_2<\cdots\}\subset \mathbb{N}$ be an infinite sum-free set - that is, there are no solutions to\[a=b_1+\cdots+b_r\]with $b_1<\cdots<b_r<a\in A$. How small can $a_{n+1}-a_n$ be? Is it possible that $a_{n+1}-a_n<n$?"
2,956,open,no,no,1,7,0,426,geometry;distances;convex,AIwiki,"If $C,D\subseteq \mathbb{R}^2$ then the distance between $C$ and $D$ is defined by\[\delta(C,D)=\inf_{\substack{c\in C\\ d\in D}}\| c-d\|.\]Let $h(n)$ be the maximal number of unit distances between disjoint convex translates. That is, the maximal $m$ such that there is a compact convex set $C\subset \mathbb{R}^2$ and a set $X$ of size $n$ such that all $(C+x)_{x\in X}$ are disjoint and there are "
2,959,open,no,yes,2,0,2,412,geometry;distances,claims=2,"Let $A\subset \mathbb{R}^2$ be a set of size $n$ and let $\{d_1,\ldots,d_k\}$ be the set of distinct distances determined by $A$. Let $f(d)$ be the number of times the distance $d$ is determined, and suppose the $d_i$ are ordered such that\[f(d_1)\geq f(d_2)\geq \cdots \geq f(d_k).\]Estimate\[\max (f(d_1)-f(d_2)),\]where the maximum is taken over all $A$ of size $n$."
2,1045,open,no,no,1,48,0,1532,analysis,working,"Let $z_1,\ldots,z_n\in \mathbb{C}$ with $\lvert z_i-z_j\rvert\leq 2$ for all $i,j$, and\[\Delta(z_1,\ldots,z_n)=\prod_{i\neq j}\lvert z_i-z_j\rvert.\]What is the maximum possible value of $\Delta$? Is it maximised by taking the $z_i$ to be the vertices of a regular polygon?"
2,1095,open,no,yes,1,9,0,890,number theory;binomial coefficients,AIwiki,Let $g(k)>k+1$ be the smallest $n$ such that all prime factors of $\binom{n}{k}$ are $>k$. Estimate $g(k)$.
2,1097,open,no,yes,1,17,0,1412,number theory;additive combinatorics,AIwiki,"Let $A$ be a set of $n$ integers. How many distinct $d$ can occur as the common difference of a three-term arithmetic progression in $A$? In particular, are there always $O(n^{3/2})$ many such $d$?"
2,1109,open,no,yes,3,2,0,645,number theory,looksdiff,"Let $f(N)$ be the size of the largest subset $A\subseteq \{1,\ldots,N\}$ such that every $n\in A+A$ is squarefree. Estimate $f(N)$. In particular, is it true that $f(N)\leq N^{o(1)}$, or even $f(N) \leq (\log N)^{O(1)}$?"
2,1132,open,no,no,3,2,1,747,analysis;polynomials,claims=1;looksTRACT;working;AIwiki,"For $x_1,\ldots,x_n\in [-1,1]$ let\[l_k(x)=\frac{\prod_{i\neq k}(x-x_i)}{\prod_{i\neq k}(x_k-x_i)},\]which are such that $l_k(x_k)=1$ and $l_k(x_i)=0$ for $i\neq k$. Let $x_1,x_2,\ldots\in [-1,1]$ be an infinite sequence, and let\[L_n(x) = \sum_{1\leq k\leq n}\lvert l_k(x)\rvert,\]where each $l_k(x)$ is defined above with respect to $x_1,\ldots,x_n$. Must there exist $x\in (-1,1)$ such that\[L_n(x"
2,1189,open,no,no,1,7,1,971,number theory;covering systems,claims=1,Call a set of distinct integers $1<n_1<\cdots<n_k$ a covering set if there is a choice of $a_i\pmod{n_i}$ for $1\leq i\leq k$ such that every integer satisfies at least one of these congruences. A set is an irreducible covering set if no proper subset is a covering set. How many irreducible covering sets of size $k$ are there? What is the minimum and maximum that $n_k$ can be? Determine or estimat
2,1209,open,no,yes,1,9,0,944,number theory,looksdiff;AIwiki,"Let $A=\{a_1<a_2<\cdots\}$ be a sequence of integers which tends to infinity sufficiently fast. If there is an $n$ such that all $n+a_k$ are primes then must there exist infinitely many such $n$? What if we ask for $n+a_k$ to be squarefree instead of prime? Are there $n$ such that $n+2^{2^k}$ is always a prime (or always squarefree, or infinitely often a prime, or infinitely often squarefree)?"
1,78,open,$100,no,5,5,0,839,graph theory;ramsey theory,prize,"- $100 Let $R(k)$ be the Ramsey number for $K_k$, the minimal $n$ such that every $2$-colouring of the edges of $K_n$ contains a monochromatic copy of $K_k$. Give a constructive proof that $R(k)>C^k$ for some constant $C>1$."
1,96,open,no,yes,7,6,0,938,geometry;distances;convex,working,If $n$ points in $\mathbb{R}^2$ form a convex polygon then there are $O(n)$ many pairs which are distance $1$ apart.
1,99,open,$100,yes,3,0,0,763,geometry;distances,looksdiff;working;prize,"- $100 Let $A\subseteq\mathbb{R}^2$ be a set of $n$ points with minimum distance equal to 1, chosen to minimise the diameter of $A$. If $n$ is sufficiently large then must there be three points in $A$ which form an equilateral triangle of size 1?"
1,130,open,no,yes,2,1,1,249,graph theory;chromatic number,claims=1;working,"Let $A\subset\mathbb{R}^2$ be an infinite set which contains no three points on a line and no four points on a circle. Consider the graph with vertices the points in $A$, where two vertices are joined by an edge if and only if they are an integer distance apart. How large can the chromatic number and clique number of this graph be? In particular, can the chromatic number be infinite?"
1,131,open,no,no,2,0,1,923,number theory,claims=1;looksdiff;working,"Let $F(N)$ be the maximal size of $A\subseteq\{1,\ldots,N\}$ such that no $a\in A$ divides the sum of any distinct elements of $A\backslash\{a\}$. Estimate $F(N)$. In particular, is it true that\[F(N) > N^{1/2-o(1)}?\]"
1,196,open,no,yes,3,4,1,245,arithmetic progressions,claims=1,"Must every permutation of $\mathbb{N}$ contain a monotone 4-term arithmetic progression? In other words, given a permutation $x$ of $\mathbb{N}$ must there be indices with either $i<j<k<l$ or $i>j>k>l$ such that $x_i,x_j,x_k,x_l$ are an arithmetic progression?"
1,352,open,no,yes,2,17,0,1049,geometry,looksdiff;looksTRACT;AIwiki,Is there some $c>0$ such that every measurable $A\subseteq \mathbb{R}^2$ of measure $\geq c$ contains the vertices of a triangle of area 1?
1,386,open,no,yes,0,13,1,608,number theory;binomial coefficients,claims=1,Let $2\leq k\leq n-2$. Can $\binom{n}{k}$ be the product of consecutive primes infinitely often? For example\[\binom{21}{2}=2\cdot 3\cdot 5\cdot 7.\]
1,486,open,no,yes,3,8,1,615,number theory;primitive sets,claims=1,"Let $A\subseteq \mathbb{N}$, and for each $n\in A$ choose some $X_n\subseteq \mathbb{Z}/n\mathbb{Z}$. Let\[B = \{ m\in \mathbb{N} : m\not\in X_n\pmod{n}\textrm{ for all }n\in A\textrm{ with }m>n\}.\]Must $B$ have a logarithmic density, i.e. is it true that\[\lim_{x\to \infty} \frac{1}{\log x}\sum_{\substack{m\in B\\ m<x}}\frac{1}{m}\]exists?"
1,592,open,$1000,yes,5,1,0,1097,set theory;ramsey theory,prize,"- $1000 Determine which countable ordinals $\beta$ have the property that, if $\alpha=\omega^{^\beta}$, then in any red/blue colouring of the edges of $K_\alpha$ there is either a red $K_\alpha$ or a blue $K_3$."
1,634,open,$25,no,1,0,2,1463,geometry,claims=2;prize,- $25 Find all $n$ such that there is at least one triangle which can be cut into $n$ congruent triangles.
1,654,open,no,no,3,2,0,1095,geometry;distances,AIwiki,"Let $f(n)$ be such that, given any $x_1,\ldots,x_n\in \mathbb{R}^2$ with no four points on a circle, there exists some $x_i$ with at least $f(n)$ many distinct distances to other $x_j$. Estimate $f(n)$ - in particular, is it true that\[f(n)>(1-o(1))n?\]Or at least\[f(n) > (1/3+c)n\]for some $c>0$, for all large $n$?"
1,740,open,no,yes,3,1,2,821,graph theory;chromatic number,claims=2,Let $\mathfrak{m}$ be an infinite cardinal and $G$ be a graph with chromatic number $\mathfrak{m}$. Let $r\geq 1$. Must $G$ contain a subgraph of chromatic number $\mathfrak{m}$ which does not contain any odd cycle of length $\leq r$?
1,848,decidable,no,yes,0,48,1,1089,number theory,claims=1;looksTRACT;AIwiki;decidable,"Is the maximum size of a set $A\subseteq \{1,\ldots,N\}$ such that $ab+1$ is never squarefree (for all $a,b\in A$) achieved by taking those $n\equiv 7\pmod{25}$?"
1,940,open,no,yes,2,8,1,905,number theory;powerful,claims=1;working,Let $r\geq 3$. A number $n$ is $r$-powerful if for every prime $p$ which divides $n$ we have $p^r\mid n$. Are there infinitely many integers which are not the sum of at most $r$ many $r$-powerful numbers? Does the set of integers which are the sum of at most $r$ $r$-powerful numbers have density $0$?
1,953,open,no,no,1,17,0,495,geometry;distances,working;AIwiki,"Let $A\subset \{ x\in \mathbb{R}^2 : \lvert x\rvert <r\}$ be a measurable set with no integer distances, that is, such that $\lvert a-b\rvert \not\in \mathbb{Z}$ for any distinct $a,b\in A$. How large can the measure of $A$ be?"
1,1120,open,no,no,1,4,0,526,analysis,looksdiff;working,"Let $f\in \mathbb{C}[z]$ be a monic polynomial of degree $n$, all of whose roots satisfy $\lvert z\rvert\leq 1$. Let\[E= \{ z : \lvert f(z)\rvert \leq 1\}.\]What is the shortest length of a path in $E$ joining $z=0$ to $\lvert z\rvert =1$?"
1,1177,open,no,no,0,2,1,97,set theory;chromatic number;hypergraphs,claims=1;AIwiki,"Let $G$ be a finite $3$-uniform hypergraph, and let $F_G(\kappa)$ denote the collection of $3$-uniform hypergraphs with chromatic number $\kappa$ not containing $G$. If $F_G(\aleph_1)$ is not empty then there exists $X\in F_G(\aleph_1)$ of cardinality at most $2^{2^{\aleph_0}}$. If both $F_G(\aleph_1)$ and $F_H(\aleph_1)$ are non-empty then $F_G(\aleph_1)\cap F_H(\aleph_1)$ is non-empty. If $\kapp"
0,18,open,no,yes,7,6,1,529,number theory;divisors;factorials,claims=1;working,- $250 We call $m$ practical if every integer $1\leq n<m$ is the sum of distinct divisors of $m$. If $m$ is practical then let $h(m)$ be such that $h(m)$ many divisors always suffice. Are there infinitely many practical $m$ such that\[h(m) < (\log\log m)^{O(1)}?\]Is it true that $h(n!)<n^{o(1)}$? Or perhaps even $h(n!)<(\log n)^{O(1)}$?
0,19,decidable,$500,no,9,8,0,1693,graph theory;chromatic number,prize;decidable,- $500 If $G$ is an edge-disjoint union of $n$ copies of $K_n$ then is $\chi(G)=n$?
0,257,open,no,yes,2,7,0,1281,irrationality,looksdiff;working,Let $A\subseteq \mathbb{N}$ be an infinite set. Is\[\sum_{n\in A}\frac{1}{2^n-1}\]irrational?
0,264,open,no,yes,3,15,0,960,irrationality,AIwiki,Let $a_n$ be a sequence of positive integers such that for every bounded sequence of integers $b_n$ (with $a_n+b_n\neq 0$ and $b_n\neq 0$ for all $n$) the sum\[\sum \frac{1}{a_n+b_n}\]is irrational. Are $a_n=2^n$ or $a_n=n!$ examples of such a sequence?
0,488,falsifiable,no,yes,2,31,2,857,number theory,claims=2;looksTRACT;working;AIwiki;falsifiable,"Let $A$ be a finite set and\[B=\{ n \geq 1 : a\mid n\textrm{ for some }a\in A\}.\]Is it true that, for every $m>n\geq \max(A)$,\[\frac{\lvert B\cap [1,m]\rvert }{m}< 2\frac{\lvert B\cap [1,n]\rvert}{n}?\]"
0,535,open,no,yes,5,9,0,938,number theory,AIwiki,"Let $r\geq 3$, and let $f_r(N)$ denote the size of the largest subset of $\{1,\ldots,N\}$ such that no subset of size $r$ has the same pairwise greatest common divisor between all elements. Estimate $f_r(N)$."
0,569,open,no,yes,1,3,1,110,graph theory;ramsey theory,claims=1,"Let $k\geq 1$. What is the best possible $c_k$ such that\[R(C_{2k+1},H)\leq c_k m\]for any graph $H$ on $m$ edges without isolated vertices?"
0,700,open,no,yes,1,6,1,836,number theory;binomial coefficients,claims=1,"Let\[f(n)=\min_{1<k\leq n/2}\textrm{gcd}\left(n,\binom{n}{k}\right).\] Characterise those composite $n$ such that $f(n)=n/P(n)$, where $P(n)$ is the largest prime dividing $n$. Are there infinitely many composite $n$ such that $f(n)>n^{1/2}$? Is it true that, for every composite $n$,\[f(n) \ll_A \frac{n}{(\log n)^A}\]for every $A>0$?"
0,704,open,no,no,3,5,0,642,graph theory;geometry;chromatic number,looksdiff;working,"Let $G_n$ be the unit distance graph in $\mathbb{R}^n$, with two vertices joined by an edge if and only if the distance between them is $1$. Estimate the chromatic number $\chi(G_n)$. Does it grow exponentially in $n$? Does\[\lim_{n\to \infty}\chi(G_n)^{1/n}\]exist?"
0,786,open,no,yes,1,10,1,2417,number theory,claims=1,"Let $\epsilon>0$. Is there some set $A\subset \mathbb{N}$ of density $>1-\epsilon$ such that $a_1\cdots a_r=b_1\cdots b_s$ with $a_i,b_j\in A$ can only hold when $r=s$? Similarly, can one always find a set $A\subset\{1,\ldots,N\}$ with this property of size $\geq (1-o(1))N$?"
0,827,open,no,no,4,5,0,466,geometry,working;AIwiki,Let $n_k$ be minimal such that if $n_k$ points in $\mathbb{R}^2$ are in general position then there exists a subset of $k$ points such that all $\binom{k}{3}$ triples determine circles of different radii. Determine $n_k$.
0,1011,open,no,no,3,10,0,989,graph theory,AIwiki,Let $f_r(n)$ be minimal such that every graph on $n$ vertices with $\geq f_r(n)$ edges and chromatic number $\geq r$ contains a triangle. Determine $f_r(n)$.
0,1039,open,no,no,2,16,1,300,analysis;polynomials,claims=1;AIwiki,"Let $f(z)=\prod_{i=1}^n(z-z_i)\in \mathbb{C}[z]$ with $\lvert z_i\rvert \leq 1$ for all $i$. Let $\rho(f)$ be the radius of the largest disc which is contained in $\{z: \lvert f(z)\rvert< 1\}$. Determine the behaviour of $\rho(f)$. In particular, is it always true that $\rho(f)\gg 1/n$?"
0,1112,open,no,no,2,13,1,1628,additive combinatorics,claims=1;looksTRACT;working,"Does there exist an integer $r$ such that if $B=\{b_1<\cdots\}$ is a lacunary sequence of positive integers with $b_{i+1}\geq rb_i$ then there exists a sequence of positive integers $A=\{a_1<\cdots\}$ such that\[d_1\leq a_{i+1}-a_i\leq d_2\]for all $i\geq 1$ and $(kA)\cap B=\emptyset$, where $kA$ is the $k$-fold sumset?"
0,1133,open,no,yes,0,3,1,467,analysis;polynomials,claims=1;AIwiki,"Let $C>0$. There exists $\epsilon>0$ such that if $n$ is sufficiently large the following holds. For any $x_1,\ldots,x_n\in [-1,1]$ there exist $y_1,\ldots,y_n\in [-1,1]$ such that, if $P$ is a polynomial of degree $m<(1+\epsilon)n$ with $P(x_i)=y_i$ for at least $(1-\epsilon)n$ many $1\leq i\leq n$, then\[\max_{x\in [-1,1]}\lvert P(x)\rvert >C.\]"
0,1207,open,no,yes,1,1,0,1705,geometry;distances,looksdiff,"Let $P_d(n)$ be such that in any set of $n$ points in $\mathbb{R}^d$ there exist at least $P_d(n)$ many points which do not contain an isosceles triangle. Estimate $P_d(n)$ - in particular, is it true that\[P_2(n)<n^{1-c}\]for some constant $c>0$?"
-1,160,open,no,yes,1,2,2,607,additive combinatorics;arithmetic progressions,claims=2;looksTRACT;working,"Let $h(N)$ be the smallest $k$ such that $\{1,\ldots,N\}$ can be coloured with $k$ colours so that every four-term arithmetic progression must contain at least three distinct colours. Estimate $h(N)$."
-1,174,open,no,no,5,4,0,673,geometry;ramsey theory,looksdiff,"A finite set $A\subset \mathbb{R}^n$ is called Ramsey if, for any $k\geq 1$, there exists some $d=d(A,k)$ such that in any $k$-colouring of $\mathbb{R}^d$ there exists a monochromatic copy of $A$. Characterise the Ramsey sets in $\mathbb{R}^n$."
-1,188,open,no,yes,4,3,0,920,geometry;ramsey theory,AIwiki,"What is the smallest $k$ such that $\mathbb{R}^2$ can be red/blue coloured with no pair of red points unit distance apart, and no $k$-term arithmetic progression of blue points with distance $1$?"
-1,218,open,no,yes,6,14,0,567,number theory;primes,looksdiff;AIwiki,"Let $d_n=p_{n+1}-p_n$. The set of $n$ such that $d_{n+1}\geq d_n$ has density $1/2$, and similarly for $d_{n+1}\leq d_n$. Furthermore, there are infinitely many $n$ such that $d_{n+1}=d_n$."
-1,256,open,no,no,5,10,0,870,analysis,looksdiff,"Let $n\geq 1$ and $f(n)$ be maximal such that for any integers $1\leq a_1\leq \cdots \leq a_n$ we have\[\max_{\lvert z\rvert=1}\left\lvert \prod_{i}(1-z^{a_i})\right\rvert\geq f(n).\]Estimate $f(n)$ - in particular, is it true that there exists some constant $c>0$ such that\[\log f(n) \gg n^c?\]"
-1,301,open,no,no,1,6,1,883,number theory;unit fractions,claims=1;working,"Let $f(N)$ be the size of the largest $A\subseteq \{1,\ldots,N\}$ such that there are no solutions to\[\frac{1}{a}= \frac{1}{b_1}+\cdots+\frac{1}{b_k}\]with distinct $a,b_1,\ldots,b_k\in A$? Estimate $f(N)$. In particular, is it true that $f(N)=(\tfrac{1}{2}+o(1))N$?"
-1,684,open,no,no,1,27,1,1131,number theory;primes;binomial coefficients,claims=1;AIwiki,"For $0\leq k\leq n$ write\[\binom{n}{k} = uv\]where the only primes dividing $u$ are in $[2,k]$ and the only primes dividing $v$ are in $(k,n]$. Let $f(n)$ be the smallest $k$ such that $u>n^2$. Give bounds for $f(n)$."
-1,726,open,no,yes,1,6,1,280,number theory,claims=1;looksdiff,"As $n\to \infty$ ranges over integers\[\sum_{p\leq n}1_{n\in (p/2,p)\pmod{p}}\frac{1}{p}\sim \frac{\log\log n}{2}.\]"
-1,792,open,no,no,6,3,1,529,additive combinatorics,claims=1,"Let $f(n)$ be maximal such that in any $A\subset \mathbb{Z}$ with $\lvert A\rvert=n$ there exists some sum-free subset $B\subseteq A$ with $\lvert B\rvert \geq f(n)$, so that there are no solutions to\[a+b=c\]with $a,b,c\in B$. Estimate $f(n)$."
-1,855,open,no,yes,5,5,0,1971,number theory;primes,looksdiff,"If $\pi(x)$ counts the number of primes in $[1,x]$ then is it true that (for large $x$ and $y$)\[\pi(x+y) \leq \pi(x)+\pi(y)?\]"
-1,944,open,no,yes,4,3,1,1349,graph theory;chromatic number,claims=1,"A critical vertex, edge, or set of edges, is one whose deletion lowers the chromatic number. Let $k\geq 4$ and $r\geq 1$. Must there exist a graph $G$ with chromatic number $k$ such that every vertex is critical, yet every critical set of edges has size $>r$?"
-1,982,falsifiable,no,yes,2,1,1,1520,geometry;convex;distances,claims=1;working;falsifiable,If $n$ distinct points in $\mathbb{R}^2$ form a convex polygon then some vertex has at least $\lfloor \frac{n}{2}\rfloor$ different distances to other vertices.
-1,1040,open,no,no,2,3,3,953,analysis,claims=3;AIwiki,"Let $F\subseteq \mathbb{C}$ be a closed infinite set, and let $\mu(F)$ be the infimum of\[\lvert \{ z: \lvert f(z)\rvert < 1\}\rvert,\]as $f$ ranges over all polynomials of the shape $\prod (z-z_i)$ with $z_i\in F$. Is $\mu(F)$ determined by the transfinite diameter of $F$? In particular, is $\mu(F)=0$ whenever the transfinite diameter of $F$ is $\geq 1$?"
-1,1084,open,no,yes,2,5,0,1226,geometry;distances,AIwiki,"Let $f_d(n)$ be minimal such that in any collection of $n$ points in $\mathbb{R}^d$, all of distance at least $1$ apart, there are at most $f_d(n)$ many pairs of points which are distance $1$ apart. Estimate $f_d(n)$."
-1,1103,open,no,no,1,5,1,1368,number theory,claims=1;looksdiff;looksTRACT,Let $A$ be an infinite sequence of integers such that every $n\in A+A$ is squarefree. How fast must $A$ grow?
-1,1110,open,no,yes,2,4,2,1932,number theory,claims=2;working,"Let $p>q\geq 2$ be two coprime integers. We call $n$ representable if it is the sum of integers of the form $p^kq^l$, none of which divide each other. If $\{p,q\}\neq \{2,3\}$ then what can be said about the density of non-representable numbers? Are there infinitely many coprime non-representable numbers?"
-1,1182,open,no,no,1,3,1,1241,graph theory;ramsey theory,claims=1;looksTRACT;working,"Let $f(n)$ be maximal such that there is a connected graph $G$ with $n$ vertices and $f(n)$ edges such that\[R(K_3,G)= 2n-1.\]Let $F(n)$ be maximal such that every connected graph $G$ with $n$ vertices and $\leq F(n)$ edges has\[R(K_3,G)= 2n-1.\]Estimate $f(n)$ and $F(n)$. In particular, is it true that $F(n)/n\to \infty$?"
-2,77,open,$250,yes,7,3,0,2402,graph theory;ramsey theory,working;prize,"- $250 If $R(k)$ is the Ramsey number for $K_k$, the minimal $n$ such that every $2$-colouring of the edges of $K_n$ contains a monochromatic copy of $K_k$, then find the value of\[\lim_{k\to \infty}R(k)^{1/k}.\]"
-2,117,open,no,no,3,1,1,200,group theory,claims=1;looksdiff;working,Let $h(n)$ be minimal such that any group $G$ with the property that any subset of $>n$ elements contains some $x\neq y$ such that $xy=yx$ can be covered by at most $h(n)$ many Abelian subgroups. Estimate $h(n)$ as well as possible.
-2,165,open,$250,no,7,5,0,1045,graph theory;ramsey theory,AIwiki;prize,"- $250 Give an asymptotic formula for $R(3,k)$."
-2,251,open,no,yes,2,9,1,508,number theory;irrationality,claims=1;AIwiki,Is\[\sum \frac{p_n}{2^n}\]irrational? (Here $p_n$ is the $n$th prime.)
-2,260,open,no,yes,4,9,1,465,irrationality,claims=1;working,Let $a_1<a_2<\cdots$ be an increasing sequence such that $a_n/n\to \infty$. Is the sum\[\sum_n \frac{a_n}{2^{a_n}}\]irrational?
-2,357,open,no,yes,1,11,1,1348,number theory,claims=1,Let $1\leq a_1<\cdots <a_k\leq n$ be integers such that all sums of the shape $\sum_{u\leq i\leq v}a_i$ are distinct. Let $f(n)$ be the maximal such $k$. How does $f(n)$ grow? Is $f(n)=o(n)$?
-2,366,verifiable,no,yes,0,3,1,874,number theory;powerful,claims=1;looksdiff;AIwiki;verifiable,"Are there any $2$-full $n$ such that $n+1$ is $3$-full? That is, if $p\mid n$ then $p^2\mid n$ and if $p\mid n+1$ then $p^3\mid n+1$."
-2,521,open,no,yes,2,20,2,639,analysis;polynomials;probability,claims=2;looksTRACT;working;AIwiki,"Let $(\epsilon_k)_{k\geq 0}$ be independently uniformly chosen at random from $\{-1,1\}$. If $R_n$ counts the number of real roots of $f_n(z)=\sum_{0\leq k\leq n}\epsilon_k z^k$ then is it true that, almost surely,\[\lim_{n\to \infty}\frac{R_n}{\log n}=\frac{2}{\pi}?\]"
-2,623,open,no,yes,2,5,1,212,set theory,claims=1;working;AIwiki,"Let $X$ be a set of cardinality $\aleph_\omega$ and $f$ be a function from the finite subsets of $X$ to $X$ such that $f(A)\not\in A$ for all $A$. Must there exist an infinite $Y\subseteq X$ that is independent - that is, for all finite $B\subset Y$ we have $f(B)\not\in Y$?"
-2,699,falsifiable,no,yes,1,9,2,861,number theory;binomial coefficients,claims=2;looksdiff;working;falsifiable,"Is it true that for every $1\leq i<j\leq n/2$ there exists some prime $p\geq i$ such that\[p\mid \textrm{gcd}\left(\binom{n}{i}, \binom{n}{j}\right)?\]"
-2,727,open,no,yes,2,7,1,636,number theory;factorials,claims=1;looksdiff;working,Let $k\geq 2$. Does\[(n+k)!^2 \mid (2n)!\]for infinitely many $n$?
-2,817,open,no,yes,1,6,1,109,additive combinatorics,claims=1;working,"Let $k\geq 3$ and define $g_k(n)$ to be the minimal $N$ such that $\{1,\ldots,N\}$ contains some $A$ of size $\lvert A\rvert=n$ such that\[\langle A\rangle = \left\{\sum_{a\in A}\epsilon_aa: \epsilon_a\in \{0,1\}\right\}\]contains no non-trivial $k$-term arithmetic progression. Estimate $g_k(n)$. In particular, is it true that\[g_3(n) \gg 3^n?\]"
-2,856,open,no,no,1,18,1,1396,number theory,claims=1;looksTRACT;AIwiki,"Let $k\geq 3$ and $f_k(N)$ be the maximum value of $\sum_{n\in A}\frac{1}{n}$, where $A$ ranges over all subsets of $\{1,\ldots,N\}$ which contain no subset of size $k$ with the same pairwise least common multiple. Estimate $f_k(N)$."
-2,906,open,no,yes,3,13,1,450,analysis;iterated functions,claims=1;AIwiki,"Is there an entire non-zero function $f:\mathbb{C}\to \mathbb{C}$ such that, for any infinite sequence $n_1<n_2<\cdots$, the set\[\{ z: f^{(n_k)}(z)=0 \textrm{ for some }k\geq 1\}\]is everywhere dense?"
-2,934,open,no,no,2,6,1,1043,graph theory,claims=1,Let $h_t(d)$ be minimal such that every graph $G$ with $h_t(d)$ edges and maximal degree $\leq d$ contains two edges whose shortest path between them has length $\geq t$. Estimate $h_t(d)$.
-2,973,open,no,yes,3,6,1,802,analysis,claims=1,"Does there exist a constant $C>1$ such that, for every $n\geq 2$, there exists a sequence $z_i\in \mathbb{C}$ with $z_1=1$ and $\lvert z_i\rvert \geq 1$ for all $1\leq i\leq n$ with\[\max_{2\leq k\leq n+1}\left\lvert \sum_{1\leq i\leq n}z_i^k\right\rvert < C^{-n}?\]"
-2,1063,open,no,yes,2,12,2,639,number theory,claims=2;working,Let $k\geq 2$ and define $n_k\geq 2k$ to be the least value of $n$ such that $n-i$ divides $\binom{n}{k}$ for all but one $0\leq i<k$. Estimate $n_k$.
-2,1135,open,$500,yes,3,4,0,1237,number theory;iterated functions,looksdiff;looksTRACT;working;prize,- $500 Define $f:\mathbb{N}\to \mathbb{N}$ by $f(n)=n/2$ if $n$ is even and $f(n)=\frac{3n+1}{2}$ if $n$ is odd. Given any integer $m\geq 1$ does there exist $k\geq 1$ such that $f^{(k)}(m)=1$?
-2,1188,open,no,yes,1,6,1,1445,number theory;covering systems,claims=1,"Call a set of distinct integers $1<n_1<\cdots<n_k$ with associated congruence classes $a_i\pmod{n_i}$ a distinct covering system if every integer satisfies at least one of these congruences. A minimal distinct covering system is one such that no proper subset forms a covering system. Let $F(x)$ count the number of minimal distinct covering systems with all moduli in $[1,x]$. Estimate $F(x)$."
-3,114,falsifiable,$250,no,7,9,1,1426,polynomials;analysis,claims=1;working;prize;falsifiable,- $250 If $p(z)\in\mathbb{C}[z]$ is a monic polynomial of degree $n$ then is the length of the curve $\{ z\in \mathbb{C} : \lvert p(z)\rvert=1\}$ maximised when $p(z)=z^n-1$?
-3,153,open,no,yes,1,7,1,76,sidon sets,claims=1;looksdiff;working,Let $A$ be a finite Sidon set and $A+A=\{s_1<\cdots<s_t\}$. Is it true that\[\frac{1}{t}\sum_{1\leq i<t}(s_{i+1}-s_i)^2 \to \infty\]as $\lvert A\rvert\to \infty$?
-3,252,open,no,yes,4,3,1,592,number theory;irrationality,claims=1;looksdiff,Let $k\geq 1$ and $\sigma_k(n)=\sum_{d\mid n}d^k$. Is\[\sum \frac{\sigma_k(n)}{n!}\]irrational?
-3,263,open,no,yes,1,6,3,908,irrationality,claims=3;AIwiki,Let $a_n$ be an increasing sequence of positive integers such that for every sequence of positive integers $b_n$ with $b_n/a_n\to 1$ the sum\[\sum\frac{1}{b_n}\]is irrational. Is $a_n=2^{2^n}$ such a sequence? Must such a sequence satisfy $a_n^{1/n}\to \infty$?
-3,349,open,no,yes,1,12,1,574,number theory;complete sequences,claims=1;working;AIwiki,"For what values of $t,\alpha \in (0,\infty)$ is the sequence $\lfloor t\alpha^n\rfloor$ complete (that is, all sufficiently large integers are the sum of distinct integers of the form $\lfloor t\alpha^n\rfloor$)?"
-3,354,open,no,yes,4,11,1,1228,number theory;complete sequences,claims=1;AIwiki,"Let $\alpha,\beta\in \mathbb{R}_{>0}$ such that $\alpha/\beta$ is irrational. Is the multiset\[\{ \lfloor \alpha\rfloor,\lfloor 2\alpha\rfloor,\lfloor 4\alpha\rfloor,\ldots\}\cup \{ \lfloor \beta\rfloor,\lfloor 2\beta\rfloor,\lfloor 4\beta\rfloor,\ldots\}\]complete? That is, can all sufficiently large natural numbers $n$ be written as\[n=\sum_{s\in S}\lfloor 2^s\alpha\rfloor+\sum_{t\in T}\lfloor 2"
-3,411,open,no,no,1,5,1,1209,number theory;iterated functions,claims=1;AIwiki,Let $g_1=g(n)=n+\phi(n)$ and $g_k(n)=g(g_{k-1}(n))$. For which $n$ and $r$ is it true that $g_{k+r}(n)=2g_k(n)$ for all large $k$?
-3,503,open,no,yes,4,16,0,901,geometry;distances,AIwiki,"What is the size of the largest $A\subseteq \mathbb{R}^d$ such that every three points from $A$ determine an isosceles triangle? That is, for any three points $x,y,z$ from $A$, at least two of the distances $\lvert x-y\rvert,\lvert y-z\rvert,\lvert x-z\rvert$ are equal."
-3,506,decidable,no,yes,1,4,1,1003,geometry,claims=1;decidable,"What is the minimum number of circles determined by any $n$ points in $\mathbb{R}^2$, not all on a circle?"
-3,550,open,no,yes,2,7,1,162,graph theory;ramsey theory,claims=1;AIwiki,"Let $m_1\leq\cdots\leq m_k$ and $n$ be sufficiently large. If $T$ is a tree on $n$ vertices and $G$ is the complete multipartite graph with vertex class sizes $m_1,\ldots,m_k$ then prove that\[R(T,G)\leq (\chi(G)-1)(R(T,K_{m_1,m_2})-1)+m_1.\]"
-3,1061,open,no,yes,1,4,1,95,number theory,claims=1;working;AIwiki,"How many solutions are there to\[\sigma(a)+\sigma(b)=\sigma(a+b)\]with $a+b\leq x$, where $\sigma$ is the sum of divisors function? Is it $\sim cx$ for some constant $c>0$?"
-4,11,open,no,yes,9,11,0,911,number theory;additive basis,looksdiff;working;AIwiki,Is every large odd integer $n$ the sum of a squarefree number and a power of 2?
-4,132,open,$100,no,6,5,1,971,distances,claims=1;prize,- $100 Let $A\subset \mathbb{R}^2$ be a set of $n$ points. Must there be two distances which occur at least once but between at most $n$ pairs of points? Must the number of such distances $\to \infty$ as $n\to \infty$?
-5,12,open,no,yes,10,13,1,1647,number theory,claims=1;AIwiki,"Let $A$ be an infinite set such that there are no distinct $a,b,c\in A$ such that $a\mid (b+c)$ and $b,c>a$. Is there such an $A$ with\[\liminf \frac{\lvert A\cap\{1,\ldots,N\}\rvert}{N^{1/2}}>0?\]Does there exist some absolute constant $c>0$ such that there are always infinitely many $N$ with\[\lvert A\cap\{1,\ldots,N\}\rvert<N^{1-c}?\]Is it true that\[\sum_{n\in A}\frac{1}{n}<\infty?\]"
-5,267,open,no,yes,4,4,1,487,irrationality,claims=1;looksdiff,Let $F_1=F_2=1$ and $F_{n+1}=F_n+F_{n-1}$ be the Fibonacci sequence. Let $n_1<n_2<\cdots $ be an infinite sequence with $n_{k+1}/n_k \geq c>1$. Must\[\sum_k\frac{1}{F_{n_k}}\]be irrational?
-5,593,open,$500,yes,2,1,2,332,set theory;graph theory;hypergraphs;chromatic number,claims=2;working;AIwiki;prize,- $500 Characterize those finite 3-uniform hypergraphs which appear in every 3-uniform hypergraph of chromatic number $>\aleph_0$.
-5,776,open,no,no,3,9,2,499,combinatorics,claims=2;working;AIwiki,"Let $r\geq 2$ and $A_1,\ldots,A_m\subseteq \{1,\ldots,n\}$ be such that $A_i\not\subseteq A_j$ for all $i\neq j$ and for any $t$ if there exists some $i$ with $\lvert A_i\rvert=t$ then there must exist at least $r$ sets of that size. How large must $n$ be (as a function of $r$) to ensure that there is such a family which achieves $n-3$ distinct sizes of sets?"
-5,1070,open,no,no,0,8,1,1202,geometry,claims=1;AIwiki,"Let $f(n)$ be maximal such that, given any $n$ points in $\mathbb{R}^2$, there exist $f(n)$ points such that no two are distance $1$ apart. Estimate $f(n)$. In particular, is it true that $f(n)\geq n/4$?"
-6,64,falsifiable,$1000,yes,4,3,2,1011,graph theory;cycles,claims=2;looksdiff;looksTRACT;working;prize;falsifiable,- $1000 Does every finite graph with minimum degree at least 3 contain a cycle of length $2^k$ for some $k\geq 2$?
-6,671,open,$250,no,4,5,2,426,analysis,claims=2;working;AIwiki;prize,"- $250 Given $a_{i}^n\in [-1,1]$ for all $1\leq i\leq n<\infty$ we define $p_{i}^n$ as the unique polynomial of degree $n-1$ such that $p_{i}^n(a_{i}^n)=1$ and $p_{i}^n(a_{i'}^n)=0$ if $1\leq i'\leq n$ with $i\neq i'$. We similarly define\[\mathcal{L}^nf(x) = \sum_{1\leq i\leq n}f(a_i^n)p_i^n(x),\]the unique polynomial of degree $n-1$ which agrees with $f$ on $a_i^n$ for $1\leq i\leq n$ (that is, "
-6,788,open,no,no,3,14,1,779,additive combinatorics,claims=1;AIwiki,"Let $f(n)$ be maximal such that if $B\subset (2n,4n)\cap \mathbb{N}$ there exists some $C\subset (n,2n)\cap \mathbb{N}$ such that $c_1+c_2\not\in B$ for all $c_1\neq c_2\in C$ and $\lvert C\rvert+\lvert B\rvert \geq f(n)$. Estimate $f(n)$. In particular is it true that $f(n)\leq n^{1/2+o(1)}$?"
-6,1033,open,no,no,3,9,0,2481,graph theory,looksdiff;AIwiki,"Let $h(n)$ be such that every graph on $n$ vertices with $>n^2/4$ many edges contains a triangle whose vertices have degrees summing to at least $h(n)$. Estimate $h(n)$. In particular, is it true that\[h(n)\geq (2(\sqrt{3}-1)-o(1))n?\]"
-6,1208,open,no,no,4,6,0,1104,geometry;distances,looksdiff;working;AIwiki,For $d\geq 2$ let $F_d(n)$ be minimal such that every set of $n$ points in $\mathbb{R}^d$ contains a set of $F_d(n)$ points with distinct distances. Estimate $F_d(n)$ for fixed $d$ as $n\to \infty$.
-7,36,open,no,yes,4,6,1,628,number theory;additive combinatorics,claims=1;working;AIwiki,"Find the optimal constant $c>0$ such that the following holds. For all sufficiently large $N$, if $A\sqcup B=\{1,\ldots,2N\}$ is a partition into two equal parts, so that $\lvert A\rvert=\lvert B\rvert=N$, then there is some $x$ such that the number of solutions to $a-b=x$ with $a\in A$ and $b\in B$ is at least $cN$."
-7,536,open,no,yes,3,11,1,684,number theory,claims=1;working;AIwiki,"Let $f(N)$ be the largest size of $A\subseteq \{1,\ldots,N\}$ with the property that there are no distinct $a,b,c\in A$ such that\[[a,b]=[b,c]=[a,c],\]where $[a,b]$ denotes the least common multiple. Estimate $f(N)$ - in particular, is it true that $f(N)=o(N)$?"
-7,1038,open,no,yes,1,142,3,1009,analysis,claims=3;looksTRACT;working;AIwiki,"Determine the infimum and supremum of\[\lvert \{ x\in \mathbb{R} : \lvert f(x)\rvert < 1\}\rvert\]as $f\in \mathbb{R}[x]$ ranges over all non-constant monic polynomials, all of whose roots are real and in the interval $[-1,1]$."
-8,513,open,no,yes,3,6,1,582,analysis,claims=1;AIwiki,Let $f=\sum_{n=0}^\infty a_nz^n$ be a transcendental entire function. What is the greatest possible value of\[\liminf_{r\to \infty} \frac{\max_n\lvert a_nr^n\rvert}{\max_{\lvert z\rvert=r}\lvert f(z)\rvert}?\]
-8,872,open,no,yes,2,36,1,1007,number theory;primitive sets,claims=1;looksdiff;working;AIwiki,"Consider the two-player game in which players alternately choose integers from $\{2,3,\ldots,n\}$ to be included in some set $A$ (the same set for both players) such that no $a\mid b$ for $a\neq b\in A$. The game ends when no legal move is possible. One player wants the game to last as long as possible, the other wants the game to end quickly. How long can the game be guaranteed to last for? At le"
